# {"t_start": 1543512927.2830815, "env_id": "QbertNoFrameskip-v0"} 
r,l,t
550.0,397,38.196174
275.0,403,48.199522
250.0,437,59.632952
0.0,290,67.060741
225.0,295,74.468507
25.0,290,81.792622
350.0,406,92.29222
75.0,266,98.788697
575.0,425,109.781662
75.0,330,118.17751
200.0,314,126.043322
250.0,315,133.977148
200.0,328,142.323311
200.0,301,150.16576
300.0,443,161.331691
300.0,394,171.373446
75.0,328,179.839967
150.0,345,188.707613
150.0,275,195.586799
200.0,336,204.064852
550.0,361,213.451887
425.0,463,225.20855
700.0,465,237.248947
75.0,262,244.066141
325.0,320,252.061236
100.0,314,259.992358
225.0,322,268.298511
75.0,305,276.181635
275.0,457,287.818586
100.0,272,294.655311
300.0,377,304.294725
125.0,314,312.235377
350.0,398,322.637129
300.0,348,331.730395
750.0,372,342.007312
200.0,421,352.495624
200.0,334,360.853045
300.0,385,370.638511
75.0,295,377.924528
225.0,313,385.729145
225.0,349,394.583156
225.0,302,402.277102
150.0,281,409.111331
200.0,294,416.409493
275.0,391,426.278698
225.0,374,436.001623
225.0,298,443.31688
400.0,370,452.656323
275.0,312,460.436089
275.0,360,469.365487
100.0,317,477.560619
375.0,369,486.852214
200.0,275,493.686097
300.0,333,501.988993
0.0,284,508.887956
175.0,404,519.155104
150.0,317,527.037926
75.0,311,534.780683
275.0,293,542.409685
225.0,367,551.360484
150.0,334,559.730391
125.0,307,567.423671
225.0,347,576.257753
275.0,404,586.544604
225.0,302,593.973883
250.0,289,601.258842
125.0,263,607.964227
250.0,359,616.926188
350.0,431,627.856901
375.0,422,638.640648
200.0,315,646.459215
250.0,304,654.222069
150.0,368,663.173326
225.0,341,671.873997
325.0,380,681.264209
200.0,368,690.56315
225.0,317,698.75802
150.0,333,707.040218
325.0,430,717.975341
350.0,361,726.862728
250.0,335,735.208305
275.0,303,742.944856
250.0,397,752.833963
675.0,470,764.742953
275.0,358,773.673813
250.0,381,783.404294
300.0,469,795.354127
250.0,348,804.173177
225.0,321,812.068679
250.0,395,821.928329
200.0,287,829.173205
375.0,329,837.426877
300.0,350,846.225984
675.0,396,856.079095
200.0,294,863.452146
175.0,308,871.187671
225.0,377,880.876821
250.0,300,888.259455
125.0,313,896.031374
125.0,295,903.327052
375.0,370,912.597915
275.0,308,920.420788
300.0,327,928.722651
325.0,348,937.537431
225.0,318,945.384563
175.0,305,953.079607
350.0,390,962.977809
125.0,253,969.278872
275.0,343,978.013357
250.0,304,985.384003
175.0,335,993.72926
350.0,389,1003.563019
250.0,333,1011.941709
400.0,328,1020.232852
150.0,339,1028.990741
250.0,350,1037.773774
275.0,320,1045.681463
150.0,278,1052.494943
75.0,290,1059.766914
325.0,413,1070.111017
125.0,332,1078.482416
300.0,335,1087.107155
300.0,414,1097.512378
225.0,397,1107.471948
150.0,289,1114.697208
275.0,417,1125.136916
425.0,394,1135.076123
475.0,453,1146.796122
325.0,409,1156.811481
275.0,307,1164.554449
150.0,315,1172.399904
275.0,306,1180.108054
225.0,321,1188.389252
175.0,282,1195.241466
150.0,261,1201.889143
350.0,417,1212.348669
325.0,319,1220.240449
250.0,309,1228.041251
300.0,311,1235.823098
125.0,262,1242.505641
250.0,302,1249.886964
200.0,299,1257.655778
275.0,312,1265.512521
300.0,347,1274.293216
200.0,355,1283.167176
250.0,327,1291.465969
250.0,307,1299.211865
300.0,411,1309.625684
200.0,294,1316.900243
250.0,296,1324.179396
350.0,337,1332.616159
375.0,392,1342.477452
400.0,460,1354.352697
300.0,339,1362.778535
300.0,372,1372.136386
175.0,326,1380.459187
350.0,375,1389.903419
600.0,430,1400.849
325.0,332,1409.169575
300.0,319,1417.325044
300.0,312,1425.146873
275.0,313,1432.986438
325.0,339,1441.404031
225.0,289,1448.656933
250.0,317,1456.509232
350.0,393,1466.358928
250.0,389,1476.270306
350.0,396,1486.562624
300.0,302,1493.970287
325.0,325,1502.243922
350.0,437,1513.26201
225.0,303,1521.009679
225.0,323,1528.922166
450.0,421,1539.836716
375.0,371,1549.157634
150.0,265,1555.552148
275.0,344,1564.307617
300.0,331,1572.667095
150.0,282,1579.919679
425.0,393,1589.784872
275.0,318,1597.62493
175.0,302,1605.356534
350.0,405,1615.365997
225.0,305,1623.101137
250.0,309,1630.867904
600.0,395,1640.773324
100.0,318,1648.956798
350.0,428,1659.473254
225.0,315,1667.613923
300.0,307,1675.057004
250.0,328,1683.333135
300.0,469,1695.275228
375.0,398,1705.179013
325.0,377,1714.851644
175.0,362,1723.780212
200.0,312,1731.635459
225.0,363,1740.94802
200.0,340,1749.374964
275.0,310,1757.190038
225.0,317,1765.330768
175.0,322,1773.205175
200.0,378,1783.038255
225.0,287,1789.925826
450.0,502,1802.733555
225.0,356,1811.610865
275.0,388,1821.374269
50.0,281,1828.560312
350.0,313,1836.344856
75.0,325,1844.274745
200.0,356,1853.509622
250.0,310,1861.344477
225.0,363,1870.342528
750.0,416,1880.797412
150.0,317,1888.930894
350.0,325,1896.87651
250.0,314,1905.029341
150.0,395,1914.988417
200.0,366,1923.911603
225.0,333,1932.53324
225.0,334,1940.890309
600.0,369,1950.169491
325.0,407,1960.207626
275.0,306,1967.979375
350.0,459,1979.850953
175.0,316,1987.755826
50.0,314,1995.591358
300.0,378,2005.013141
250.0,368,2014.366987
175.0,299,2022.045363
300.0,400,2031.960828
275.0,364,2041.250174
375.0,404,2051.250476
225.0,333,2059.528988
150.0,320,2067.747112
250.0,327,2076.024384
150.0,267,2082.387913
600.0,397,2092.677714
400.0,422,2103.144658
225.0,297,2110.8191
325.0,383,2120.33093
300.0,342,2129.055971
175.0,338,2137.406084
550.0,399,2147.718927
275.0,306,2155.093186
400.0,402,2165.407887
275.0,383,2174.876093
75.0,302,2182.588948
225.0,312,2190.364665
175.0,317,2198.247962
225.0,366,2207.509184
275.0,339,2215.908748
325.0,379,2225.58791
325.0,344,2234.357038
275.0,304,2241.77594
400.0,393,2251.662503
325.0,395,2261.561031
375.0,454,2273.45505
300.0,343,2281.867752
200.0,322,2290.166226
275.0,322,2298.040648
275.0,346,2306.737038
300.0,320,2314.926257
200.0,306,2322.319108
175.0,286,2329.538429
375.0,407,2339.867261
225.0,348,2348.641531
175.0,401,2358.6015
300.0,382,2368.387112
150.0,307,2376.05788
375.0,405,2386.003639
375.0,381,2395.793801
325.0,387,2405.624715
300.0,312,2413.431829
375.0,404,2423.396475
275.0,330,2431.683352
200.0,282,2438.879922
275.0,300,2446.261501
375.0,415,2456.704725
325.0,315,2464.932911
300.0,347,2473.374987
325.0,383,2483.177188
225.0,310,2490.9389
175.0,340,2499.295971
0.0,282,2506.485787
325.0,316,2514.296603
150.0,264,2521.056311
325.0,382,2530.543989
150.0,284,2537.794345
300.0,365,2547.090905
475.0,348,2555.906699
250.0,319,2563.744745
300.0,355,2572.627237
275.0,305,2580.357399
300.0,336,2588.682777
300.0,299,2596.405074
275.0,314,2604.212555
475.0,463,2615.748351
300.0,387,2625.571667
175.0,275,2632.388703
325.0,318,2640.628199
125.0,252,2646.896157
925.0,491,2659.354194
350.0,393,2669.222043
175.0,295,2676.512934
225.0,341,2684.916823
225.0,290,2692.165821
325.0,311,2700.033245
275.0,336,2708.767015
375.0,355,2717.597186
475.0,404,2727.885212
375.0,391,2737.698218
200.0,363,2746.655516
350.0,352,2755.513662
300.0,312,2763.278586
400.0,320,2771.507107
300.0,345,2779.909115
250.0,378,2789.66149
175.0,332,2797.973408
250.0,303,2805.388244
300.0,324,2813.6433
375.0,373,2823.056289
300.0,330,2831.321974
200.0,297,2838.618492
275.0,328,2846.882985
525.0,401,2857.154092
200.0,314,2864.950723
300.0,346,2873.782666
150.0,271,2880.46925
250.0,315,2888.303121
650.0,453,2899.665786
125.0,260,2905.988832
275.0,302,2913.726691
250.0,306,2921.459496
250.0,361,2930.388281
325.0,360,2939.673869
450.0,427,2950.17749
250.0,284,2957.369971
250.0,305,2965.039066
250.0,294,2972.387779
225.0,294,2979.710944
300.0,325,2987.947701
350.0,412,2998.379645
375.0,403,3008.329808
150.0,325,3016.630036
250.0,402,3026.969419
450.0,465,3038.488634
200.0,302,3046.27218
150.0,322,3054.169243
250.0,361,3063.395325
225.0,332,3071.63409
125.0,313,3079.453008
175.0,275,3086.207043
175.0,277,3093.379784
150.0,263,3099.751443
650.0,435,3110.643983
325.0,351,3119.498754
300.0,408,3129.77107
175.0,343,3138.565657
225.0,315,3146.384524
275.0,374,3155.752182
775.0,543,3169.69427
225.0,399,3179.678523
625.0,362,3188.885769
500.0,394,3198.796504
150.0,283,3205.944099
700.0,412,3216.322897
250.0,297,3223.669168
150.0,280,3230.484455
350.0,386,3240.25631
150.0,318,3248.129452
500.0,338,3256.841605
225.0,384,3266.341969
350.0,296,3273.989252
375.0,470,3285.872977
150.0,321,3293.716401
175.0,283,3300.916209
200.0,352,3309.751158
250.0,424,3320.265275
175.0,302,3327.979755
25.0,238,3333.76134
375.0,411,3344.181634
350.0,440,3355.545738
200.0,321,3363.471939
525.0,396,3373.673604
325.0,394,3383.597366
175.0,330,3391.918801
275.0,360,3400.792882
775.0,576,3415.384252
225.0,299,3423.054383
300.0,391,3432.866777
400.0,366,3441.854062
225.0,285,3449.083315
325.0,342,3457.863686
200.0,286,3464.734877
700.0,387,3474.483835
200.0,271,3481.24069
325.0,302,3488.999244
200.0,342,3497.334726
250.0,284,3504.587721
175.0,302,3512.332628
300.0,371,3521.72171
275.0,317,3529.613111
350.0,340,3538.017346
300.0,418,3548.79547
250.0,325,3556.726299
300.0,378,3566.446489
400.0,402,3576.387988
375.0,419,3587.167586
275.0,315,3595.003115
200.0,310,3602.796505
175.0,268,3609.46859
200.0,345,3617.925613
175.0,272,3624.678391
350.0,380,3634.43218
575.0,419,3644.823098
225.0,314,3652.583264
225.0,331,3660.917084
225.0,307,3668.710726
225.0,334,3677.005831
200.0,323,3685.201742
225.0,334,3693.503471
250.0,323,3701.814099
150.0,266,3708.183767
200.0,300,3715.844607
325.0,372,3725.189171
175.0,297,3732.508137
600.0,405,3742.813865
700.0,389,3752.598015
350.0,324,3760.850439
300.0,303,3768.217784
250.0,300,3775.930507
250.0,317,3783.75368
200.0,275,3790.508369
275.0,327,3798.818915
250.0,314,3806.623134
150.0,284,3813.818893
225.0,293,3821.112209
350.0,307,3828.950528
150.0,336,3837.255824
250.0,370,3846.576732
250.0,354,3855.401464
375.0,359,3864.361343
150.0,263,3871.046314
175.0,319,3878.8968
150.0,321,3887.122993
275.0,333,3895.45456
200.0,309,3903.229094
125.0,270,3910.058686
200.0,337,3918.400686
275.0,312,3926.157488
325.0,319,3934.350909
275.0,309,3941.844532
300.0,317,3950.03959
325.0,366,3959.022084
250.0,322,3967.216446
225.0,348,3975.985246
275.0,326,3984.264543
200.0,290,3991.541454
375.0,425,4002.12482
250.0,283,4009.296018
375.0,391,4019.149734
275.0,379,4028.626493
225.0,298,4036.291193
250.0,314,4044.145211
275.0,341,4052.574339
325.0,367,4061.870195
275.0,353,4070.773319
275.0,315,4078.535333
400.0,370,4087.881422
350.0,352,4096.709438
325.0,350,4105.560675
325.0,336,4114.248763
325.0,330,4122.527086
325.0,318,4130.391984
225.0,305,4138.130606
250.0,408,4148.178732
275.0,317,4156.355212
225.0,332,4164.689889
325.0,379,4174.114775
125.0,267,4180.792609
275.0,402,4191.099747
275.0,331,4199.344273
300.0,390,4208.937076
400.0,398,4219.212478
350.0,390,4229.120246
375.0,469,4241.00821
225.0,307,4248.48873
375.0,464,4260.424941
200.0,284,4267.60139
325.0,308,4275.338852
250.0,308,4282.762491
425.0,408,4293.067393
300.0,325,4301.269116
200.0,270,4308.022966
150.0,289,4315.253245
275.0,282,4322.067267
350.0,338,4330.797149
225.0,310,4338.586669
325.0,392,4348.508797
225.0,353,4357.330259
250.0,300,4364.667088
275.0,311,4372.488552
350.0,401,4382.777204
275.0,342,4391.235324
250.0,293,4398.503529
400.0,391,4408.3576
0.0,288,4415.627174
275.0,361,4424.860113
300.0,365,4434.103136
275.0,325,4442.056834
300.0,334,4450.429956
400.0,396,4460.695563
250.0,307,4468.059893
300.0,318,4476.228206
325.0,326,4484.471253
150.0,296,4491.73508
200.0,330,4499.977448
350.0,360,4508.872898
250.0,332,4517.152006
150.0,328,4525.42345
275.0,318,4533.299843
275.0,301,4540.975042
175.0,347,4549.781737
200.0,309,4557.525633
325.0,403,4567.544229
250.0,281,4574.751035
375.0,394,4584.653694
375.0,413,4595.02373
300.0,335,4603.329421
225.0,371,4612.712449
50.0,306,4620.471176
350.0,305,4628.157578
275.0,284,4635.056465
250.0,280,4642.212259
275.0,317,4650.094101
325.0,379,4659.478494
375.0,395,4669.77177
275.0,306,4677.168464
700.0,492,4689.56065
50.0,297,4697.196078
125.0,288,4704.495769
125.0,301,4711.834999
325.0,367,4721.109755
275.0,355,4729.958168
250.0,337,4738.304163
275.0,303,4745.966342
375.0,421,4756.455863
225.0,351,4765.292778
300.0,362,4774.530886
650.0,386,4784.32294
200.0,325,4792.260062
225.0,388,4802.111623
250.0,288,4809.351269
375.0,349,4818.069608
375.0,334,4826.335485
250.0,314,4834.156642
250.0,370,4843.47545
250.0,340,4852.224125
300.0,317,4860.028933
150.0,321,4868.198559
350.0,360,4877.124548
275.0,318,4884.987803
850.0,374,4894.696815
200.0,319,4902.592811
325.0,310,4910.32817
225.0,310,4918.057056
300.0,398,4927.996252
275.0,306,4935.757583
225.0,289,4942.957585
175.0,324,4950.868422
200.0,392,4961.14001
275.0,327,4969.02224
400.0,389,4978.902575
650.0,467,4990.852328
375.0,415,5001.287404
850.0,531,5014.769158
225.0,300,5022.438324
225.0,311,5030.175284
250.0,328,5038.499613
300.0,396,5048.413245
325.0,373,5057.707837
300.0,325,5065.87619
700.0,401,5075.866972
300.0,379,5085.300063
250.0,353,5094.47526
200.0,293,5101.731185
350.0,340,5110.109978
50.0,249,5116.370803
250.0,296,5123.711155
200.0,294,5130.96005
550.0,404,5141.309805
600.0,327,5149.605857
350.0,340,5157.959153
300.0,306,5165.683149
250.0,307,5173.463823
275.0,324,5181.740339
325.0,321,5189.580117
325.0,348,5198.320191
325.0,401,5208.231308
650.0,429,5219.104093
250.0,285,5226.3291
225.0,317,5234.20037
150.0,313,5242.042548
275.0,323,5250.253831
225.0,357,5259.136906
300.0,364,5268.406858
325.0,392,5278.239871
225.0,336,5286.567663
250.0,317,5294.807966
325.0,316,5302.69671
225.0,330,5311.001584
225.0,320,5318.840715
400.0,407,5329.157929
250.0,353,5337.962876
225.0,347,5346.771364
175.0,308,5354.573032
600.0,410,5364.968967
300.0,306,5372.40654
200.0,311,5380.177242
175.0,316,5388.342861
375.0,320,5396.199411
250.0,318,5404.041507
300.0,398,5414.255524
200.0,306,5422.044246
275.0,311,5429.846065
300.0,335,5438.216403
125.0,321,5446.143417
300.0,414,5456.521656
250.0,318,5464.690696
325.0,315,5472.48943
150.0,281,5479.343711
425.0,402,5489.691071
350.0,397,5499.589607
225.0,348,5508.438089
300.0,305,5516.161531
225.0,364,5525.476648
325.0,354,5534.341528
575.0,339,5542.683458
250.0,329,5550.970756
325.0,322,5559.20683
175.0,290,5566.139487
350.0,310,5573.904063
275.0,301,5581.694054
300.0,317,5589.538759
175.0,343,5598.329799
225.0,278,5605.169173
275.0,321,5613.405918
325.0,299,5620.77334
275.0,321,5628.954672
175.0,351,5637.777188
150.0,337,5646.074522
225.0,269,5652.837639
325.0,319,5660.685117
225.0,328,5668.980891
225.0,301,5676.689538
225.0,306,5684.133881
250.0,320,5692.346153
200.0,317,5700.234033
200.0,339,5708.586756
300.0,317,5716.72001
225.0,354,5725.576776
225.0,302,5732.981655
450.0,441,5744.250855
300.0,437,5755.290311
375.0,383,5765.087732
225.0,305,5772.798649
175.0,282,5779.664745
300.0,349,5788.466704
400.0,399,5798.381442
300.0,332,5806.659794
300.0,313,5814.826429
175.0,274,5821.605681
250.0,310,5829.400724
250.0,291,5836.636028
225.0,366,5845.57624
425.0,411,5855.908796
300.0,411,5866.315661
200.0,313,5874.067976
300.0,330,5882.353171
325.0,400,5892.606195
350.0,413,5902.979082
275.0,359,5911.960421
325.0,323,5920.173954
250.0,336,5928.561921
200.0,277,5935.712999
150.0,273,5942.515231
400.0,420,5953.031572
250.0,298,5960.39918
175.0,298,5968.033965
250.0,334,5976.431346
250.0,456,5987.843818
325.0,340,5996.648527
200.0,300,6004.027287
200.0,342,6012.816603
250.0,411,6023.2057
175.0,318,6031.07093
150.0,322,6039.313137
250.0,357,6048.216785
250.0,319,6056.044908
250.0,314,6063.87535
200.0,347,6072.70793
325.0,401,6083.049315
250.0,335,6091.389832
400.0,392,6101.248676
200.0,325,6109.501102
225.0,327,6117.402205
225.0,399,6127.719839
350.0,382,6137.172141
250.0,316,6145.344443
350.0,330,6153.602957
300.0,366,6162.541319
300.0,314,6170.304175
400.0,404,6180.611159
300.0,314,6188.42359
300.0,405,6198.747192
300.0,330,6207.022046
250.0,302,6214.402951
200.0,303,6222.129077
225.0,315,6229.966177
325.0,407,6240.291255
250.0,338,6248.605092
250.0,312,6256.423435
300.0,350,6265.247523
275.0,365,6274.467044
425.0,461,6286.366009
275.0,310,6294.10247
300.0,402,6304.061274
300.0,396,6313.912239
225.0,299,6321.645859
300.0,316,6329.506706
250.0,319,6337.304047
650.0,517,6350.630196
250.0,405,6360.704308
325.0,369,6370.045643
275.0,373,6379.426651
300.0,319,6387.657464
375.0,356,6396.549398
125.0,264,6403.251254
250.0,298,6410.603717
250.0,335,6418.922191
150.0,280,6426.072154
350.0,344,6434.479303
250.0,344,6443.269718
250.0,353,6452.132584
200.0,298,6459.455627
225.0,344,6468.242934
225.0,297,6475.511549
350.0,461,6487.307665
275.0,318,6495.155915
250.0,323,6503.41778
175.0,312,6511.203627
425.0,398,6521.230236
575.0,418,6531.992894
325.0,425,6542.536047
250.0,367,6551.820831
200.0,371,6561.202659
500.0,460,6573.037962
325.0,382,6582.514855
325.0,395,6592.324126
200.0,290,6599.559592
400.0,419,6610.319739
250.0,307,6617.764411
775.0,498,6630.616334
225.0,339,6639.000477
275.0,322,6647.216068
250.0,291,6654.506571
275.0,354,6663.30413
375.0,384,6673.071542
600.0,459,6684.563221
350.0,393,6694.470506
250.0,312,6702.355736
150.0,307,6710.113713
300.0,433,6721.058546
375.0,442,6732.368376
175.0,285,6739.287226
175.0,290,6746.491207
375.0,415,6756.8777
300.0,323,6765.085942
250.0,276,6771.873357
300.0,321,6780.117862
350.0,400,6790.129121
325.0,373,6799.47755
275.0,286,6806.655824
200.0,409,6817.122172
125.0,273,6823.867156
225.0,307,6831.657202
250.0,327,6839.843877
375.0,340,6848.217698
500.0,368,6857.556968
300.0,320,6865.449736
350.0,430,6876.321826
125.0,323,6884.538866
250.0,344,6893.365573
275.0,335,6901.720951
150.0,275,6908.523331
350.0,441,6919.887344
250.0,321,6927.756108
175.0,276,6934.533293
300.0,302,6942.194706
350.0,461,6953.762429
300.0,391,6963.640391
300.0,347,6972.45903
525.0,371,6981.735367
225.0,354,6990.57975
350.0,352,6999.459168
200.0,328,7007.764306
350.0,366,7017.104728
125.0,328,7025.374276
350.0,466,7037.281867
225.0,325,7045.19656
600.0,431,7056.095843
575.0,320,7064.352002
225.0,297,7071.573575
325.0,370,7080.944009
300.0,315,7088.774109
225.0,304,7096.466749
225.0,306,7104.18662
200.0,317,7112.029689
350.0,375,7121.424128
275.0,300,7128.744168
175.0,299,7136.433307
150.0,272,7143.174784
175.0,311,7151.061926
125.0,261,7157.338854
175.0,273,7164.346114
325.0,404,7174.315833
200.0,362,7183.606844
300.0,366,7192.54324
625.0,385,7202.351195
175.0,310,7210.148965
300.0,357,7219.074118
225.0,340,7227.733976
300.0,437,7238.585583
250.0,326,7246.831908
200.0,322,7254.723752
250.0,359,7263.95235
175.0,380,7273.439434
250.0,346,7282.205527
300.0,399,7292.100098
150.0,270,7298.851936
275.0,378,7308.573839
600.0,383,7317.991964
300.0,411,7328.383362
575.0,393,7338.183221
325.0,401,7348.446087
325.0,306,7356.205864
250.0,429,7367.078986
300.0,359,7375.980078
350.0,407,7386.363208
175.0,291,7393.664231
225.0,305,7401.362691
325.0,341,7409.771874
275.0,302,7417.466874
300.0,303,7424.882206
250.0,301,7432.534099
200.0,322,7440.433518
300.0,353,7449.290326
200.0,282,7456.454775
275.0,371,7465.770481
300.0,424,7476.552332
400.0,452,7487.971458
325.0,354,7496.862356
300.0,359,7505.739144
275.0,304,7513.434765
200.0,302,7520.809968
275.0,313,7528.627046
325.0,325,7536.880268
325.0,309,7544.594051
325.0,320,7552.512802
275.0,325,7560.793119
225.0,357,7569.617172
300.0,300,7577.313963
300.0,315,7585.15645
125.0,323,7593.408051
325.0,342,7601.776629
250.0,298,7609.383689
175.0,319,7617.30323
275.0,309,7625.038796
275.0,353,7633.894894
250.0,313,7641.752997
200.0,348,7650.511367
350.0,397,7660.468554
375.0,350,7669.293425
250.0,320,7677.512812
300.0,371,7686.885509
250.0,388,7696.64932
225.0,268,7703.061664
175.0,316,7711.182113
325.0,418,7721.658523
275.0,312,7729.457648
150.0,280,7736.2509
225.0,321,7744.445764
175.0,290,7751.641549
250.0,351,7760.460445
375.0,370,7769.778914
425.0,410,7780.169758
325.0,338,7788.536901
275.0,325,7796.767561
275.0,295,7804.075256
275.0,413,7814.429026
225.0,328,7822.749904
150.0,278,7829.571706
200.0,314,7837.789788
250.0,327,7845.715555
325.0,386,7855.507431
300.0,334,7863.890305
250.0,325,7872.107104
275.0,431,7883.002538
375.0,322,7890.9059
275.0,306,7898.644753
300.0,313,7906.448127
300.0,328,7914.726828
300.0,332,7923.019705
275.0,311,7930.823761
325.0,301,7938.480512
300.0,311,7946.278898
225.0,310,7954.092596
300.0,394,7963.938537
250.0,310,7971.694967
275.0,319,7979.569381
275.0,303,7987.303576
275.0,308,7995.063584
250.0,322,8002.973081
250.0,310,8010.732479
200.0,311,8018.562899
225.0,318,8026.458426
250.0,309,8034.297168
275.0,374,8044.015939
300.0,343,8052.384898
325.0,401,8062.719252
250.0,306,8070.176015
350.0,345,8078.926478
750.0,387,8088.753147
250.0,306,8096.484008
325.0,394,8106.425635
350.0,371,8115.805951
300.0,317,8123.594549
200.0,285,8130.806576
375.0,328,8139.130216
275.0,303,8146.454181
325.0,316,8154.264729
275.0,313,8162.399829
375.0,362,8171.31444
275.0,332,8179.618615
250.0,303,8187.345069
300.0,315,8195.14851
325.0,309,8202.916282
300.0,380,8212.323368
250.0,356,8221.5794
275.0,378,8230.979446
400.0,395,8240.872822
300.0,306,8248.594638
375.0,305,8256.350325
350.0,307,8263.730295
325.0,405,8274.079687
275.0,322,8282.326263
325.0,336,8290.643693
225.0,312,8298.487881
300.0,306,8306.198855
300.0,305,8313.628967
225.0,314,8321.733809
225.0,304,8329.176856
275.0,319,8337.379845
275.0,305,8344.830985
250.0,300,8352.486493
325.0,344,8361.017525
300.0,324,8369.2339
250.0,329,8377.506295
375.0,388,8387.299642
325.0,308,8395.087497
300.0,303,8402.479244
275.0,307,8410.215071
350.0,395,8420.084655
275.0,324,8428.305957
325.0,322,8436.285905
250.0,311,8444.068918
250.0,355,8453.273745
300.0,337,8461.605036
350.0,379,8470.978373
200.0,270,8477.726538
300.0,354,8486.620381
250.0,411,8497.044859
275.0,345,8505.792975
200.0,318,8513.667578
375.0,357,8522.783282
600.0,388,8532.597706
250.0,292,8539.907024
125.0,270,8546.610224
400.0,475,8558.554266
225.0,294,8565.840187
75.0,267,8572.556664
275.0,356,8581.402488
675.0,418,8591.803818
300.0,332,8600.044789
350.0,413,8610.737602
200.0,303,8618.148286
250.0,345,8626.914176
125.0,295,8634.241735
275.0,380,8643.617757
350.0,433,8654.861661
325.0,302,8662.197716
150.0,320,8670.409623
300.0,371,8679.806114
625.0,404,8689.802057
200.0,320,8697.939488
550.0,399,8707.82767
150.0,301,8715.508687
300.0,396,8725.396044
250.0,366,8734.655363
275.0,469,8746.273057
275.0,384,8756.085732
175.0,269,8762.832725
125.0,257,8769.188784
200.0,317,8777.354314
125.0,258,8783.61421
275.0,433,8794.489791
150.0,283,8801.660664
150.0,286,8808.536885
150.0,324,8816.687425
250.0,286,8823.867444
300.0,417,8834.289022
275.0,394,8844.231376
225.0,303,8851.963646
350.0,485,8864.336339
375.0,442,8875.300142
200.0,347,8884.026056
325.0,363,8893.301739
250.0,287,8900.181469
450.0,418,8910.977475
125.0,267,8917.413239
150.0,367,8926.710279
325.0,403,8936.986408
600.0,439,8947.972295
350.0,354,8956.805548
300.0,318,8964.978849
225.0,325,8972.87865
275.0,340,8981.567657
400.0,323,8989.741822
350.0,324,8997.584825
175.0,272,9004.406232
225.0,321,9012.565142
425.0,416,9023.017092
175.0,269,9029.84004
625.0,400,9039.797403
175.0,277,9046.934576
275.0,329,9055.18615
275.0,371,9064.540362
325.0,397,9074.472537
250.0,334,9082.762342
200.0,375,9092.166833
250.0,302,9099.824169
300.0,371,9109.167508
350.0,316,9116.975893
300.0,313,9124.826359
300.0,318,9132.679204
225.0,394,9142.902557
375.0,420,9153.297894
275.0,360,9162.231412
175.0,365,9171.447063
275.0,305,9179.208278
325.0,315,9187.026729
200.0,351,9195.906565
200.0,327,9204.202475
225.0,360,9213.090868
250.0,300,9220.827144
250.0,306,9228.52397
275.0,309,9235.962335
200.0,283,9243.156626
375.0,389,9253.016325
300.0,408,9263.395451
250.0,308,9271.145787
350.0,311,9278.89562
300.0,415,9289.301585
400.0,406,9299.642453
125.0,271,9306.377014
325.0,394,9316.249942
225.0,309,9323.997756
325.0,370,9333.364193
275.0,318,9341.170791
450.0,365,9350.433091
175.0,307,9357.882503
200.0,288,9365.09825
250.0,313,9372.956344
150.0,332,9381.235595
300.0,374,9390.973109
325.0,375,9400.338036
350.0,336,9408.705559
375.0,401,9418.964848
200.0,299,9426.274441
275.0,307,9434.01426
250.0,337,9442.372146
150.0,303,9450.091598
325.0,353,9458.896195
250.0,329,9467.181364
400.0,377,9476.656841
375.0,421,9487.125177
125.0,279,9494.293788
200.0,410,9504.65268
350.0,421,9515.124751
275.0,364,9524.397169
625.0,442,9535.460756
300.0,336,9544.11037
175.0,284,9550.986219
275.0,291,9558.213542
225.0,308,9565.940693
125.0,319,9574.127798
225.0,312,9581.935278
250.0,325,9589.840189
175.0,298,9597.520743
350.0,306,9604.939213
325.0,458,9616.718622
325.0,413,9627.138323
125.0,267,9633.855564
0.0,281,9640.683382
175.0,273,9647.472736
650.0,425,9658.305869
275.0,308,9666.07633
475.0,517,9679.112809
400.0,432,9690.063549
275.0,318,9698.282629
475.0,499,9710.776985
125.0,343,9719.527984
125.0,321,9727.48295
225.0,280,9734.726919
325.0,364,9743.678804
125.0,266,9750.353296
175.0,314,9758.169387
325.0,442,9769.430287
300.0,310,9777.186159
225.0,330,9785.495842
75.0,324,9793.352694
250.0,361,9802.608985
150.0,339,9810.965204
250.0,411,9821.344143
250.0,286,9828.577849
175.0,255,9834.865187
200.0,311,9842.669071
175.0,279,9849.517941
275.0,305,9857.2414
175.0,302,9864.933815
375.0,394,9874.867529
300.0,306,9882.549103
250.0,297,9889.876138
175.0,317,9897.790074
275.0,373,9907.090644
225.0,302,9914.88764
175.0,270,9921.594453
175.0,310,9929.384107
325.0,315,9937.238234
250.0,292,9944.633184
325.0,302,9952.391522
225.0,302,9959.806571
250.0,305,9967.521778
300.0,389,9977.391824
225.0,359,9986.334333
275.0,351,9995.17154
275.0,318,10002.996223
225.0,305,10010.746157
225.0,306,10018.486529
275.0,327,10026.744639
225.0,308,10034.442534
300.0,318,10042.291853
250.0,299,10049.665383
275.0,296,10057.300172
350.0,338,10065.631394
200.0,316,10073.496633
250.0,293,10080.770863
300.0,316,10088.625305
225.0,304,10096.322514
250.0,360,10105.55026
200.0,324,10113.446531
275.0,341,10122.251181
200.0,360,10131.216703
275.0,304,10138.925428
375.0,355,10147.793393
275.0,318,10155.646041
250.0,314,10163.792231
325.0,381,10173.262118
350.0,377,10182.668991
350.0,335,10191.318016
350.0,335,10199.691836
175.0,290,10207.012342
225.0,291,10214.302806
275.0,319,10222.209336
300.0,318,10230.01928
200.0,313,10238.189269
250.0,305,10245.586169
275.0,325,10253.894581
175.0,334,10262.249015
275.0,310,10270.060514
225.0,344,10278.747803
350.0,409,10289.094316
275.0,337,10297.422704
550.0,383,10306.853174
400.0,427,10317.707841
150.0,304,10325.38428
425.0,509,10338.301666
225.0,367,10347.550088
675.0,454,10359.002258
350.0,409,10369.409612
600.0,406,10379.369041
275.0,302,10387.051928
150.0,335,10395.310172
250.0,435,10406.301588
625.0,398,10416.545794
250.0,354,10425.369538
250.0,345,10434.073129
175.0,277,10440.938026
325.0,335,10449.264347
325.0,336,10457.632298
225.0,349,10466.464454
175.0,270,10473.240886
225.0,291,10480.447412
250.0,336,10488.795662
275.0,388,10498.636028
225.0,318,10506.787889
675.0,420,10517.315679
375.0,305,10525.07132
300.0,339,10533.458491
300.0,347,10542.222142
300.0,304,10549.962643
325.0,320,10557.79275
250.0,297,10565.134724
275.0,347,10573.848912
275.0,323,10582.090818
225.0,295,10589.387805
350.0,342,10598.180034
250.0,281,10605.023486
375.0,400,10614.976334
300.0,306,10622.756474
350.0,361,10632.007899
325.0,335,10640.340262
225.0,319,10648.219161
425.0,397,10658.509479
250.0,360,10667.337713
350.0,363,10676.591596
275.0,320,10684.499238
525.0,397,10694.454017
425.0,414,10705.182191
400.0,482,10717.272845
275.0,345,10726.01885
275.0,299,10733.377089
375.0,391,10743.222314
325.0,344,10751.963827
275.0,317,10759.815138
250.0,311,10767.594413
350.0,318,10775.770362
275.0,379,10785.187622
400.0,349,10794.018934
225.0,283,10800.877528
225.0,347,10809.614832
175.0,323,10817.860355
150.0,333,10826.175001
400.0,493,10838.581944
100.0,304,10846.367455
625.0,392,10856.238685
300.0,315,10864.037956
175.0,269,10870.856148
225.0,402,10880.772416
250.0,341,10889.493643
275.0,349,10898.251312
275.0,406,10908.591072
225.0,334,10916.932139
150.0,303,10924.26229
275.0,303,10931.920327
200.0,272,10938.768116
200.0,301,10946.122927
225.0,375,10955.874386
250.0,356,10964.70437
350.0,300,10972.001504
225.0,309,10979.795873
300.0,317,10988.003959
225.0,278,10994.825376
200.0,290,11002.056759
200.0,347,11010.879107
225.0,326,11018.822905
225.0,287,11026.034296
350.0,487,11038.503691
375.0,453,11049.896563
275.0,313,11057.748708
250.0,274,11064.525494
250.0,326,11072.791538
575.0,364,11082.046304
175.0,270,11088.777996
225.0,318,11096.530394
250.0,317,11104.406426
350.0,382,11114.205207
350.0,425,11125.061914
175.0,298,11132.341572
325.0,362,11141.31876
250.0,392,11151.523645
300.0,313,11159.30825
250.0,383,11168.664106
275.0,347,11177.444072
275.0,407,11187.782172
225.0,364,11196.727414
375.0,396,11206.918942
375.0,316,11214.724375
350.0,434,11225.670823
325.0,418,11236.115794
350.0,399,11246.394691
325.0,373,11255.820529
175.0,363,11265.140687
275.0,326,11273.054501
275.0,363,11282.31281
375.0,409,11292.638866
275.0,327,11300.875654
625.0,418,11311.300026
375.0,392,11321.126985
150.0,311,11328.936775
175.0,328,11337.200532
250.0,311,11344.967644
275.0,392,11354.871403
250.0,305,11362.610086
300.0,301,11369.955933
650.0,412,11380.422211
400.0,394,11390.341631
300.0,414,11400.74632
325.0,358,11410.039927
250.0,310,11417.766005
300.0,313,11425.563249
200.0,341,11433.942983
275.0,317,11442.119678
225.0,298,11449.388911
250.0,314,11457.239596
275.0,305,11465.020827
775.0,419,11475.445385
275.0,320,11483.669332
300.0,411,11494.08409
350.0,395,11503.956065
225.0,316,11511.760174
200.0,332,11520.092814
200.0,307,11527.776789
300.0,393,11537.615833
350.0,414,11548.035909
175.0,331,11556.377275
300.0,309,11564.072637
75.0,275,11570.87294
250.0,341,11579.593826
250.0,357,11588.476771
275.0,302,11596.227621
375.0,323,11604.125826
350.0,332,11612.436591
250.0,355,11621.655522
375.0,424,11632.132067
250.0,336,11640.478228
300.0,339,11649.178495
375.0,350,11658.036
250.0,306,11665.739481
350.0,377,11675.127412
200.0,309,11682.874271
275.0,351,11691.700345
425.0,413,11702.112372
350.0,329,11710.365281
275.0,363,11719.29537
350.0,328,11727.528835
400.0,414,11737.913629
275.0,302,11745.594394
200.0,288,11752.869965
275.0,311,11760.673234
175.0,345,11769.122003
300.0,342,11777.868435
300.0,318,11785.723419
325.0,312,11793.583587
300.0,316,11801.714307
375.0,319,11809.566599
400.0,389,11819.450911
375.0,425,11830.237586
275.0,314,11838.01977
275.0,333,11846.357919
225.0,292,11853.634681
325.0,393,11863.510294
275.0,313,11871.316777
250.0,313,11879.108624
275.0,321,11887.352237
275.0,306,11895.040685
225.0,304,11902.530008
350.0,345,11911.292396
300.0,305,11919.079902
200.0,319,11926.976815
300.0,287,11934.187409
275.0,306,11941.921003
325.0,361,11950.861239
250.0,298,11958.202147
300.0,314,11966.324715
250.0,269,11972.680294
250.0,320,11980.905425
300.0,309,11988.626208
425.0,407,11998.929295
550.0,314,12006.781158
350.0,403,12016.729219
275.0,310,12024.538099
300.0,346,12033.32742
400.0,338,12041.680265
225.0,351,12050.478131
250.0,306,12058.213326
225.0,318,12066.025191
375.0,448,12077.403376
325.0,311,12085.142519
150.0,304,12092.819146
375.0,419,12103.266253
275.0,331,12111.50064
300.0,390,12121.392663
425.0,389,12131.282009
125.0,296,12138.613706
275.0,357,12147.829627
375.0,354,12156.724865
225.0,381,12166.143208
175.0,294,12173.724676
250.0,397,12183.694468
250.0,312,12191.453672
225.0,413,12201.773995
175.0,284,12208.922028
300.0,332,12217.250625
350.0,347,12226.030807
150.0,317,12233.929455
225.0,293,12241.154881
225.0,315,12248.963131
275.0,303,12256.610853
225.0,294,12263.90023
250.0,396,12273.800812
275.0,307,12281.608032
275.0,315,12289.401521
175.0,296,12296.693161
350.0,398,12306.959914
175.0,312,12314.835137
325.0,317,12322.662154
300.0,368,12331.99062
225.0,311,12339.764342
175.0,348,12348.632423
275.0,370,12357.95334
250.0,311,12365.669774
250.0,272,12372.473886
375.0,387,12382.28641
325.0,305,12389.659725
325.0,352,12398.498671
350.0,354,12407.303663
300.0,337,12415.989042
250.0,358,12424.941543
275.0,327,12433.257304
225.0,316,12441.097706
275.0,358,12450.29634
225.0,339,12458.685437
300.0,297,12466.033548
350.0,348,12474.834797
300.0,323,12483.027398
175.0,277,12489.805475
375.0,388,12499.721641
350.0,365,12509.042413
325.0,390,12518.522913
75.0,262,12525.144528
200.0,343,12533.881276
250.0,328,12541.790986
350.0,418,12552.538379
850.0,399,12562.50261
275.0,386,12572.340619
300.0,348,12581.061763
325.0,391,12590.962525
275.0,398,12600.910132
200.0,320,12609.076299
375.0,420,12619.519699
275.0,319,12627.382492
275.0,296,12634.961739
300.0,300,12642.286637
375.0,385,12652.031017
325.0,380,12661.452468
275.0,356,12670.650984
250.0,299,12678.025206
200.0,298,12685.363008
300.0,310,12693.127962
300.0,323,12701.383486
300.0,380,12710.736162
250.0,312,12718.577248
300.0,314,12726.791583
400.0,468,12738.360146
325.0,376,12747.998609
275.0,323,12755.884143
350.0,425,12766.766534
325.0,366,12776.06494
250.0,348,12784.875394
125.0,337,12793.189118
375.0,406,12803.549362
250.0,372,12812.896308
350.0,327,12820.804446
150.0,283,12828.015775
275.0,333,12836.372442
400.0,344,12845.148683
250.0,388,12855.017981
675.0,439,12865.941595
250.0,345,12874.642523
225.0,292,12881.92036
350.0,435,12892.784541
275.0,307,12900.555364
325.0,402,12910.480765
300.0,322,12918.637139
300.0,307,12926.423619
225.0,312,12934.207084
200.0,279,12941.005507
225.0,305,12948.74351
225.0,314,12956.56545
275.0,342,12965.344349
250.0,302,12972.749962
275.0,306,12980.531236
275.0,300,12987.856232
325.0,366,12997.156595
375.0,381,13006.924016
325.0,316,13014.719816
300.0,319,13022.520414
325.0,323,13030.741864
350.0,315,13038.563937
250.0,320,13046.412325
225.0,324,13054.632493
325.0,309,13062.376806
300.0,384,13072.179027
325.0,389,13081.990376
625.0,402,13091.92539
150.0,336,13100.232368
350.0,347,13109.049702
300.0,323,13117.278233
350.0,313,13125.040696
300.0,333,13133.357269
275.0,370,13142.642503
225.0,326,13150.923785
375.0,334,13159.188648
225.0,317,13167.075861
250.0,327,13175.330903
150.0,298,13182.631849
175.0,296,13189.999629
175.0,305,13197.737167
250.0,310,13205.560493
200.0,276,13212.368798
300.0,366,13221.653035
250.0,327,13229.902662
275.0,395,13239.765583
450.0,444,13251.1114
300.0,387,13260.91651
125.0,314,13268.690116
325.0,442,13279.680084
275.0,396,13289.886778
225.0,322,13297.835674
175.0,269,13304.542058
275.0,387,13314.353976
250.0,312,13322.125913
325.0,371,13331.502184
250.0,354,13340.33031
150.0,318,13348.13349
275.0,321,13356.33673
375.0,405,13366.700484
300.0,295,13373.999758
300.0,317,13381.79727
250.0,439,13392.829096
350.0,382,13402.560644
275.0,409,13412.875645
375.0,414,13423.356302
225.0,408,13433.715208
250.0,321,13441.604297
250.0,346,13450.428283
275.0,342,13459.126856
300.0,316,13466.926297
225.0,353,13475.805678
275.0,317,13483.63109
200.0,360,13492.879101
175.0,333,13501.222156
325.0,380,13510.653699
250.0,378,13520.360112
225.0,379,13529.799314
175.0,313,13537.585532
225.0,329,13545.860543
300.0,400,13556.10856
175.0,307,13563.539033
325.0,413,13573.868754
150.0,299,13581.549212
300.0,330,13589.908471
200.0,298,13597.203929
275.0,416,13607.642942
375.0,416,13618.501276
275.0,374,13627.883021
325.0,350,13636.690559
275.0,400,13646.693303
475.0,414,13657.034946
300.0,356,13666.257846
200.0,342,13674.614501
175.0,279,13681.712935
200.0,339,13690.094662
575.0,387,13699.968715
300.0,307,13707.698718
225.0,281,13714.536522
275.0,353,13723.367201
600.0,419,13734.193761
375.0,464,13745.696415
175.0,383,13755.460444
375.0,407,13765.732554
350.0,429,13776.271733
625.0,412,13786.958401
700.0,481,13799.023573
275.0,318,13806.913984
225.0,296,13814.554368
600.0,338,13822.891015
225.0,304,13830.641889
275.0,316,13838.481863
275.0,314,13846.357211
275.0,349,13855.219735
200.0,333,13863.584263
225.0,365,13872.863251
125.0,355,13881.705703
250.0,329,13890.036689
175.0,315,13897.867246
275.0,397,13907.750502
175.0,323,13915.947433
150.0,355,13924.841454
150.0,298,13932.230094
25.0,243,13938.360739
200.0,365,13947.634601
200.0,320,13955.494287
325.0,334,13963.846687
200.0,347,13972.632287
250.0,407,13982.942941
325.0,351,13991.788915
275.0,385,14001.528428
175.0,309,14009.349885
300.0,304,14016.702696
400.0,376,14026.041529
275.0,327,14034.268006
250.0,301,14041.964411
225.0,321,14049.908203
525.0,409,14060.214173
275.0,309,14067.961367
300.0,333,14076.328932
750.0,430,14087.2761
475.0,469,14099.19979
250.0,296,14106.520979
400.0,424,14117.425781
150.0,327,14125.669336
225.0,348,14134.44493
750.0,398,14144.337255
250.0,435,14155.235294
300.0,390,14165.085751
375.0,365,14174.412934
250.0,371,14183.804843
175.0,338,14192.16525
325.0,441,14203.467661
300.0,321,14211.35564
250.0,308,14219.056643
225.0,307,14226.783208
700.0,434,14237.634448
225.0,348,14246.374139
200.0,348,14255.140774
300.0,371,14264.439561
200.0,305,14271.832943
425.0,393,14281.650177
100.0,316,14289.741449
325.0,321,14297.658933
250.0,331,14305.908736
50.0,298,14313.573508
350.0,319,14321.390171
250.0,284,14328.592095
225.0,285,14335.465335
350.0,359,14344.698341
250.0,351,14353.527864
150.0,282,14360.420791
175.0,309,14368.161163
125.0,327,14376.53938
175.0,309,14384.299288
525.0,358,14393.183831
225.0,332,14401.516745
350.0,301,14409.180342
225.0,355,14418.058718
250.0,363,14427.31814
250.0,350,14435.786233
200.0,301,14443.494065
275.0,325,14451.735739
250.0,307,14459.18151
625.0,395,14469.403713
325.0,410,14479.774403
225.0,332,14488.094418
400.0,385,14497.583205
75.0,261,14504.211013
300.0,317,14512.082567
650.0,392,14521.939282
375.0,362,14531.21675
775.0,376,14540.556822
275.0,291,14547.817451
350.0,436,14558.767547
275.0,304,14566.444932
250.0,488,14578.903682
400.0,397,14588.84576
225.0,296,14596.119463
350.0,367,14605.422253
300.0,369,14614.777105
325.0,324,14622.966933
275.0,357,14631.86567
200.0,302,14639.588057
75.0,299,14646.95538
275.0,303,14654.644315
625.0,347,14663.12083
225.0,305,14670.842521
175.0,328,14679.113833
350.0,373,14688.418048
275.0,318,14696.32719
125.0,273,14703.088598
450.0,427,14714.044121
300.0,336,14722.377133
350.0,347,14731.200204
375.0,345,14740.018405
250.0,333,14748.280324
300.0,409,14758.607125
350.0,433,14769.534795
325.0,369,14778.907207
300.0,377,14788.33575
400.0,421,14799.130919
275.0,322,14807.064987
250.0,344,14815.805136
200.0,292,14823.108447
275.0,293,14830.381844
325.0,338,14838.78628
300.0,344,14847.524346
300.0,392,14857.370523
150.0,294,14864.625417
250.0,309,14872.404731
275.0,376,14881.763686
375.0,378,14891.500482
400.0,370,14900.806638
300.0,323,14908.720728
625.0,465,14920.662564
175.0,323,14928.856212
150.0,319,14936.713621
275.0,364,14945.978851
250.0,355,14954.793692
150.0,311,14962.582572
250.0,300,14969.915638
250.0,281,14977.102483
325.0,324,14985.308676
300.0,366,14994.226825
375.0,405,15004.523897
225.0,325,15012.756411
375.0,409,15023.086549
225.0,356,15032.042317
250.0,288,15039.269652
200.0,305,15046.622189
200.0,342,15055.393178
150.0,304,15063.089773
275.0,320,15070.995625
175.0,326,15079.185485
300.0,416,15089.606979
350.0,398,15099.520883
175.0,319,15107.76009
275.0,311,15115.536923
300.0,349,15124.403864
225.0,355,15133.215683
175.0,309,15140.954223
275.0,335,15149.35682
300.0,348,15158.100669
150.0,276,15164.907757
300.0,303,15172.645894
200.0,276,15179.449906
300.0,317,15187.33856
200.0,313,15195.215072
725.0,413,15205.635985
250.0,298,15213.293437
225.0,313,15221.121906
375.0,385,15230.938614
300.0,330,15239.194747
200.0,289,15246.109907
200.0,289,15253.36153
300.0,396,15263.611674
325.0,360,15272.519542
300.0,302,15280.251682
275.0,286,15287.145697
700.0,408,15297.50373
300.0,320,15305.783456
125.0,317,15313.647252
125.0,262,15320.019499
175.0,308,15327.759487
300.0,336,15336.452443
250.0,333,15344.7109
175.0,263,15351.088652
225.0,307,15358.904063
325.0,407,15369.258799
300.0,343,15377.745458
275.0,306,15385.485991
350.0,368,15394.889096
350.0,397,15404.8162
175.0,303,15412.507545
375.0,412,15422.900891
350.0,342,15431.642716
225.0,280,15438.431203
275.0,384,15448.228895
300.0,363,15457.158736
300.0,407,15467.533169
200.0,282,15474.748739
275.0,283,15481.633091
275.0,324,15489.856156
400.0,434,15500.765871
225.0,317,15508.6802
225.0,298,15516.322596
250.0,343,15524.814847
275.0,302,15532.520497
325.0,353,15541.30841
275.0,334,15549.674837
250.0,294,15556.956279
275.0,321,15565.186679
275.0,349,15573.975899
275.0,335,15582.319242
200.0,321,15590.232696
225.0,319,15598.385966
250.0,337,15606.7631
350.0,316,15614.60592
275.0,307,15622.378069
525.0,316,15630.220107
200.0,301,15637.896403
375.0,423,15648.373411
675.0,398,15658.698711
650.0,456,15670.173609
200.0,309,15677.947743
300.0,340,15686.364339
325.0,318,15694.582439
275.0,304,15701.976806
400.0,340,15710.641088
325.0,365,15719.900543
350.0,353,15728.673835
300.0,355,15737.572531
325.0,397,15747.527948
250.0,306,15755.23461
200.0,342,15763.658594
275.0,319,15771.855657
300.0,317,15779.671812
150.0,280,15786.913751
250.0,325,15794.789027
350.0,425,15805.542073
275.0,312,15813.328777
275.0,398,15823.264391
250.0,326,15831.444213
275.0,319,15839.657514
300.0,374,15849.05243
275.0,294,15856.336335
275.0,308,15864.104656
250.0,306,15871.524774
125.0,290,15878.769531
225.0,306,15886.471152
300.0,350,15895.325453
400.0,398,15905.20254
175.0,289,15912.407512
175.0,269,15919.144682
325.0,361,15928.428782
150.0,268,15935.205768
275.0,302,15942.562947
225.0,305,15950.308453
450.0,452,15961.755842
300.0,309,15969.497396
125.0,316,15977.36852
150.0,274,15984.088222
175.0,339,15992.832686
325.0,507,16005.48171
225.0,382,16015.267865
275.0,326,16023.508369
300.0,359,16032.418593
275.0,308,16040.185635
275.0,318,16048.016024
275.0,406,16058.332552
300.0,321,16066.597354
250.0,292,16073.832764
250.0,303,16081.22048
325.0,476,16093.179232
300.0,325,16101.421764
225.0,302,16109.115246
300.0,324,16117.041205
350.0,356,16126.244985
650.0,411,16136.683666
325.0,306,16144.060996
400.0,387,16153.835741
375.0,397,16163.669769
300.0,322,16171.882705
200.0,332,16180.156324
600.0,386,16189.93699
250.0,307,16197.727917
375.0,350,16206.558504
275.0,304,16213.931489
400.0,394,16223.821405
575.0,376,16233.531881
300.0,373,16242.866823
250.0,318,16250.696773
325.0,352,16259.509075
275.0,347,16268.286496
250.0,324,16276.485979
275.0,322,16284.314495
150.0,289,16291.572563
275.0,297,16298.920752
250.0,380,16308.639916
325.0,362,16317.648669
350.0,417,16328.400306
350.0,378,16337.786836
675.0,420,16348.179763
250.0,301,16355.900856
225.0,299,16363.270972
375.0,415,16373.665609
375.0,405,16383.945855
125.0,287,16391.219619
300.0,350,16400.048595
125.0,285,16407.245057
275.0,317,16415.031761
175.0,274,16421.806348
400.0,406,16432.160953
350.0,414,16442.55874
300.0,368,16451.906488
300.0,351,16460.744687
225.0,295,16468.015792
400.0,405,16478.328588
250.0,390,16488.133578
125.0,339,16496.451656
250.0,301,16504.149934
275.0,320,16511.975485
300.0,375,16521.298025
300.0,326,16529.647531
250.0,294,16536.888635
400.0,414,16547.306499
275.0,353,16556.146687
325.0,330,16564.380224
325.0,376,16574.052521
275.0,319,16581.923342
300.0,311,16589.741484
175.0,300,16597.112456
250.0,379,16606.849086
200.0,316,16614.668674
375.0,498,16627.129998
200.0,274,16634.258209
250.0,291,16641.546426
275.0,366,16650.45817
200.0,313,16658.298466
300.0,391,16668.163248
250.0,332,16676.426467
225.0,326,16684.731827
250.0,301,16692.416205
325.0,345,16700.893739
325.0,408,16711.240715
250.0,334,16719.592228
300.0,301,16727.26929
275.0,379,16736.666115
325.0,304,16744.368205
175.0,387,16754.244793
250.0,317,16762.064182
350.0,378,16771.516296
225.0,301,16779.194316
225.0,305,16786.896062
300.0,322,16794.772054
275.0,308,16802.484946
325.0,369,16811.76158
250.0,371,16821.129828
225.0,300,16828.547049
300.0,389,16838.400082
450.0,504,16851.25442
225.0,347,16860.011403
225.0,289,16867.207698
200.0,271,16873.995891
375.0,337,16882.408057
275.0,320,16890.251687
150.0,286,16897.438862
150.0,303,16905.108427
150.0,341,16913.567926
300.0,301,16921.236501
250.0,309,16929.004786
250.0,335,16937.326583
250.0,356,16946.118373
300.0,355,16955.048984
150.0,265,16961.690458
400.0,378,16971.061799
300.0,350,16979.934678
250.0,347,16988.676229
300.0,335,16996.962475
250.0,310,17004.813047
300.0,302,17012.514279
250.0,393,17022.340987
250.0,307,17030.099146
225.0,340,17038.450902
300.0,284,17045.698793
375.0,354,17054.539648
250.0,302,17061.931008
250.0,311,17069.648903
375.0,426,17080.47307
250.0,321,17088.707616
200.0,326,17096.608914
400.0,404,17106.866903
275.0,376,17116.224495
250.0,319,17124.451759
350.0,401,17134.481355
300.0,356,17143.689497
350.0,378,17153.065845
475.0,384,17162.845929
275.0,324,17170.744115
225.0,298,17178.39707
300.0,331,17186.691876
225.0,289,17193.585155
300.0,356,17202.751043
325.0,414,17213.167608
300.0,454,17224.551567
275.0,318,17232.368104
300.0,292,17239.623412
200.0,333,17247.888584
600.0,414,17258.622079
250.0,296,17265.889754
225.0,401,17275.886899
225.0,293,17283.167632
450.0,485,17295.596828
325.0,420,17306.390793
100.0,323,17314.281747
825.0,421,17325.088763
325.0,448,17336.501362
200.0,298,17343.823097
275.0,313,17351.641716
300.0,370,17360.917535
275.0,425,17371.799645
175.0,298,17379.15261
225.0,292,17386.338855
250.0,373,17395.679941
225.0,347,17404.474044
200.0,279,17411.324039
125.0,323,17419.445759
300.0,340,17427.871876
275.0,322,17436.150217
150.0,295,17443.421689
175.0,280,17450.615029
50.0,254,17456.820435
175.0,295,17464.07873
250.0,335,17472.429734
625.0,367,17481.738517
150.0,310,17489.516356
350.0,376,17498.988766
325.0,418,17509.850193
175.0,352,17518.667782
325.0,324,17526.497085
175.0,315,17534.285824
375.0,411,17544.61437
50.0,264,17551.29946
225.0,288,17558.517577
125.0,264,17565.203783
275.0,386,17574.715102
225.0,290,17581.999614
375.0,333,17590.341965
175.0,314,17598.431685
375.0,407,17608.521419
150.0,392,17618.412424
500.0,485,17630.835507
150.0,300,17638.49238
250.0,306,17645.92938
250.0,417,17656.610208
325.0,317,17664.480733
325.0,445,17675.843127
275.0,306,17683.201999
250.0,273,17689.940624
225.0,311,17697.727102
375.0,435,17708.973232
300.0,336,17717.356
250.0,368,17726.63919
350.0,384,17736.119308
275.0,343,17744.89063
275.0,317,17752.708232
150.0,265,17759.452915
375.0,383,17769.186172
275.0,314,17776.988313
450.0,430,17787.851713
300.0,325,17795.801649
350.0,402,17806.065459
275.0,406,17816.421946
325.0,364,17825.291929
400.0,500,17838.184336
275.0,383,17847.637144
275.0,308,17855.37245
250.0,319,17863.584826
200.0,273,17870.340642
300.0,321,17878.247709
150.0,341,17886.976543
150.0,288,17894.196752
400.0,356,17903.031066
300.0,377,17912.329523
300.0,399,17922.664901
250.0,290,17929.582506
200.0,331,17937.861855
150.0,311,17945.679681
275.0,346,17954.405741
225.0,335,17962.736687
200.0,334,17971.366538
175.0,291,17978.640986
200.0,309,17986.093644
375.0,449,17997.479838
375.0,391,18007.269821
225.0,303,18015.002215
250.0,274,18021.924353
250.0,412,18032.769054
350.0,392,18042.907885
325.0,381,18053.369368
