# {"t_start": 1542590116.9558742, "env_id": "QbertNoFrameskip-v0"} 
r,l,t
225.0,405,8.834678
50.0,298,12.464067
75.0,310,16.263801
0.0,284,19.852384
550.0,413,24.81233
100.0,324,28.410652
125.0,362,32.353543
25.0,296,35.670618
0.0,286,39.309634
100.0,310,43.286592
200.0,369,48.107377
0.0,285,51.816131
50.0,298,55.326949
200.0,405,60.103483
200.0,384,64.626864
75.0,317,68.287644
225.0,307,71.861558
75.0,336,76.118522
175.0,333,80.330513
150.0,321,84.562685
550.0,419,90.036394
75.0,305,93.634581
525.0,432,98.694112
150.0,307,102.284086
75.0,255,105.231051
250.0,349,109.311694
75.0,338,113.426805
250.0,379,118.227064
350.0,413,123.718996
100.0,321,127.822455
125.0,301,131.542654
225.0,369,135.785473
425.0,484,141.534663
225.0,403,146.325932
50.0,304,149.79721
100.0,267,153.165571
150.0,338,157.375834
25.0,288,161.112513
75.0,313,165.205625
100.0,321,169.323569
75.0,325,173.140826
150.0,300,176.555926
75.0,311,180.174405
700.0,427,185.229701
200.0,348,189.330673
175.0,361,193.932158
300.0,355,198.435658
325.0,452,204.389365
150.0,331,208.539097
150.0,361,212.83194
225.0,350,216.94557
250.0,332,220.821868
300.0,318,224.496935
250.0,294,227.928327
75.0,308,231.92522
300.0,303,235.786844
250.0,368,240.59272
200.0,291,244.322382
250.0,360,248.559784
250.0,314,252.201712
200.0,319,255.981463
250.0,286,259.346197
350.0,446,264.489583
325.0,399,269.594607
225.0,443,275.243485
200.0,337,279.677983
150.0,408,284.73434
325.0,361,289.008648
125.0,260,291.980892
200.0,293,295.360083
325.0,373,299.819578
275.0,326,303.539566
175.0,367,308.279436
200.0,332,312.559761
150.0,269,316.053044
75.0,303,320.036677
250.0,382,324.510207
175.0,280,327.791914
275.0,364,331.916977
200.0,346,335.985925
400.0,412,341.002682
300.0,373,345.721518
175.0,322,349.97383
200.0,380,354.873574
300.0,387,359.595693
500.0,415,364.460899
175.0,363,368.691856
175.0,351,372.757448
300.0,443,378.232295
200.0,327,382.380444
175.0,334,386.734162
350.0,380,391.733432
200.0,352,395.896378
250.0,400,400.552518
175.0,287,403.896527
325.0,381,408.424919
225.0,373,413.030345
150.0,291,416.693222
300.0,412,422.103011
175.0,318,426.19524
300.0,385,430.903849
225.0,365,435.209581
75.0,299,438.626339
200.0,340,442.525556
350.0,440,448.095268
125.0,297,451.823453
200.0,369,456.659281
225.0,394,461.815636
175.0,289,465.216614
175.0,351,469.338484
325.0,384,473.873081
175.0,335,477.770122
175.0,318,481.702728
400.0,439,487.467377
225.0,342,491.865592
250.0,369,496.625725
375.0,466,502.116979
250.0,319,505.802623
225.0,317,509.57032
400.0,416,514.666711
175.0,316,518.619476
275.0,336,522.980113
200.0,336,527.379827
175.0,364,531.794676
175.0,297,535.298021
300.0,414,540.126838
225.0,310,543.722918
600.0,358,548.29058
350.0,307,552.243193
300.0,335,556.562577
200.0,297,560.387304
225.0,312,564.12074
275.0,355,568.373327
350.0,396,573.030775
300.0,301,576.721272
250.0,274,580.167879
250.0,309,584.134563
875.0,485,590.531743
375.0,394,595.307763
450.0,548,601.832937
275.0,351,605.92558
275.0,370,610.717763
700.0,449,616.568742
275.0,295,620.36867
300.0,317,624.348587
350.0,363,628.640858
325.0,440,633.774466
675.0,385,638.530726
350.0,338,642.762333
325.0,403,648.061082
300.0,391,653.126971
200.0,282,656.528474
350.0,413,661.371581
625.0,393,665.954666
250.0,333,670.150033
200.0,299,673.84879
400.0,461,679.971835
225.0,270,683.446944
600.0,374,687.866669
200.0,282,691.127882
350.0,355,695.357209
250.0,399,700.418229
425.0,405,705.685086
250.0,382,710.623487
300.0,297,714.43813
300.0,412,719.280745
350.0,354,723.421076
275.0,419,728.59451
350.0,439,734.257463
275.0,362,738.900851
650.0,458,744.821742
1100.0,438,749.928575
375.0,408,754.738037
125.0,301,758.496767
425.0,398,763.646196
250.0,284,767.274036
850.0,488,773.556181
250.0,358,777.705579
250.0,299,781.221366
300.0,298,784.888453
250.0,318,788.94961
375.0,452,794.856516
400.0,414,800.255301
225.0,325,804.042813
400.0,334,808.061924
200.0,303,811.49425
325.0,382,816.428909
175.0,265,819.73388
200.0,338,824.21357
350.0,365,828.943336
350.0,453,834.43447
300.0,363,838.605958
350.0,397,843.513961
225.0,270,846.835692
250.0,348,851.366357
325.0,394,856.458111
300.0,427,861.648579
550.0,368,865.97403
375.0,448,871.57107
275.0,328,875.693431
250.0,379,880.627887
125.0,299,884.561168
350.0,416,889.633758
425.0,510,895.67867
575.0,397,900.633791
325.0,330,904.828363
375.0,459,910.815697
325.0,344,915.253884
375.0,398,919.872925
325.0,390,924.412145
325.0,303,928.244448
700.0,450,934.011697
275.0,360,938.664238
225.0,295,942.554351
400.0,422,947.468235
250.0,365,951.768434
400.0,352,956.189978
325.0,337,960.399674
275.0,335,964.726518
400.0,364,969.473159
475.0,510,975.658662
325.0,477,981.240916
375.0,398,986.407117
425.0,460,992.362991
250.0,319,996.438929
275.0,347,1000.78248
425.0,520,1006.958091
400.0,469,1012.791963
700.0,415,1018.074196
425.0,396,1023.250614
250.0,311,1027.197252
425.0,391,1031.744077
350.0,437,1036.853383
700.0,396,1042.124132
425.0,481,1048.322477
275.0,366,1053.121525
375.0,392,1057.842146
425.0,445,1063.09612
375.0,420,1068.328801
325.0,378,1073.075997
475.0,478,1079.463336
700.0,423,1084.642326
650.0,363,1088.935398
425.0,415,1093.817638
325.0,367,1098.565466
350.0,420,1103.923704
650.0,395,1109.153252
450.0,513,1115.269266
400.0,424,1120.147902
425.0,496,1126.467049
400.0,442,1132.156311
400.0,534,1139.12919
400.0,515,1145.284478
350.0,355,1149.388796
675.0,410,1154.57411
275.0,415,1159.883518
600.0,433,1165.575126
425.0,408,1170.59779
700.0,415,1175.462189
700.0,470,1181.292152
475.0,486,1187.539252
350.0,418,1192.970076
425.0,501,1199.251809
350.0,396,1203.884268
675.0,489,1209.60991
300.0,423,1214.28227
675.0,389,1218.698128
400.0,376,1222.978313
425.0,404,1227.645983
750.0,474,1233.535887
400.0,587,1241.238558
675.0,430,1246.311402
325.0,386,1250.840578
675.0,451,1256.130594
350.0,487,1261.631791
450.0,479,1266.986756
675.0,395,1271.404912
725.0,461,1276.666934
350.0,390,1281.154098
375.0,405,1286.152252
325.0,337,1290.603184
475.0,453,1296.20385
700.0,427,1301.211459
425.0,382,1305.736151
300.0,426,1310.524332
400.0,361,1314.481072
375.0,420,1319.247978
400.0,392,1323.627416
775.0,613,1330.544985
325.0,383,1334.881147
700.0,423,1339.6302
250.0,309,1343.130114
775.0,486,1349.54564
250.0,309,1353.484326
450.0,495,1359.366037
375.0,366,1363.653339
650.0,408,1368.346821
325.0,348,1372.219063
475.0,460,1377.440551
800.0,557,1383.671363
650.0,457,1388.757199
500.0,419,1393.508233
375.0,356,1397.472274
650.0,370,1401.582686
650.0,414,1406.214785
300.0,304,1409.791767
700.0,452,1415.691776
350.0,521,1422.072189
375.0,402,1426.806859
350.0,387,1431.351526
375.0,319,1435.107751
1000.0,563,1441.515049
250.0,315,1445.002481
325.0,352,1448.898793
400.0,510,1454.662531
700.0,390,1459.017144
725.0,474,1464.332105
425.0,362,1468.425139
475.0,428,1473.118553
375.0,494,1478.968545
800.0,635,1487.013561
900.0,744,1495.769804
475.0,631,1503.231066
725.0,509,1509.195095
700.0,415,1513.84432
750.0,519,1519.761723
775.0,476,1525.068175
675.0,426,1529.840717
700.0,422,1534.520516
800.0,634,1541.738494
725.0,425,1546.404889
500.0,592,1553.727336
500.0,513,1559.872584
700.0,443,1565.088467
725.0,524,1571.33206
775.0,445,1576.485675
750.0,397,1581.300901
300.0,424,1586.009656
700.0,420,1590.807709
425.0,397,1595.249294
375.0,402,1599.800618
700.0,464,1604.93595
725.0,479,1610.382494
700.0,490,1615.916654
800.0,581,1622.878124
675.0,366,1627.17498
725.0,479,1632.743593
750.0,441,1637.982958
675.0,400,1642.58412
325.0,379,1647.04946
375.0,401,1651.652457
750.0,499,1657.579148
275.0,380,1661.836948
475.0,405,1666.43655
700.0,457,1671.575955
500.0,609,1678.500461
800.0,475,1683.842092
450.0,506,1689.801446
675.0,433,1694.853593
800.0,650,1702.46612
425.0,415,1707.27299
650.0,396,1711.889946
350.0,409,1716.674937
750.0,424,1721.705419
275.0,329,1725.670204
700.0,404,1730.161753
775.0,386,1734.545103
350.0,353,1738.516384
675.0,461,1743.774091
475.0,541,1749.864987
775.0,500,1755.699267
725.0,468,1761.197754
800.0,494,1766.945413
675.0,448,1772.191982
1300.0,755,1781.133456
750.0,460,1786.481449
725.0,424,1791.482491
675.0,492,1797.238035
725.0,442,1802.182958
725.0,453,1807.463372
600.0,385,1811.729428
1200.0,659,1819.300698
725.0,452,1824.537084
375.0,455,1829.80872
750.0,581,1836.612921
800.0,566,1843.347018
725.0,441,1848.66214
750.0,433,1853.70558
775.0,535,1860.078128
750.0,441,1864.971957
500.0,471,1870.282736
600.0,659,1877.880388
800.0,620,1884.897589
475.0,442,1889.941732
750.0,457,1895.27291
750.0,505,1901.323297
800.0,441,1906.575481
500.0,626,1914.166448
800.0,415,1918.99926
775.0,486,1924.798667
775.0,523,1930.693198
800.0,586,1937.247112
800.0,402,1941.816699
675.0,366,1945.927944
450.0,467,1951.221132
475.0,473,1956.535618
350.0,367,1960.662323
750.0,510,1966.814053
700.0,415,1971.932572
825.0,703,1980.451595
800.0,474,1985.984897
800.0,578,1992.837391
750.0,557,1998.996393
425.0,386,2003.299682
725.0,468,2008.546593
475.0,426,2013.224516
475.0,417,2017.969465
475.0,526,2023.810431
775.0,533,2029.815389
550.0,473,2035.205148
475.0,420,2040.134665
475.0,620,2047.666891
450.0,408,2052.642986
800.0,470,2058.131318
750.0,587,2065.018866
450.0,532,2071.193061
750.0,498,2076.719351
800.0,601,2083.426552
550.0,559,2089.620956
800.0,488,2095.086359
525.0,475,2100.362781
775.0,452,2105.402693
775.0,552,2111.678582
775.0,433,2116.505279
775.0,627,2123.606833
3950.0,572,2130.635582
775.0,496,2136.725407
825.0,535,2142.914193
800.0,717,2151.28736
1275.0,585,2158.140687
725.0,467,2163.337886
800.0,548,2169.473098
750.0,557,2175.657144
800.0,526,2181.54807
775.0,700,2189.369338
675.0,470,2194.60345
475.0,418,2199.216253
475.0,553,2205.365673
550.0,528,2211.239143
550.0,498,2217.217474
800.0,531,2223.698198
825.0,594,2230.74089
800.0,549,2237.117597
450.0,523,2243.076049
525.0,628,2250.325951
600.0,577,2256.89678
850.0,583,2263.561383
550.0,517,2269.385086
600.0,686,2277.232928
450.0,555,2283.9605
800.0,675,2292.35355
400.0,394,2296.957547
800.0,695,2305.073103
775.0,429,2310.105587
500.0,657,2317.5532
500.0,511,2323.332041
775.0,538,2329.41529
475.0,721,2338.065147
800.0,528,2344.656289
1250.0,727,2353.453931
800.0,559,2359.955046
825.0,477,2365.466796
825.0,564,2371.868558
775.0,420,2376.515234
800.0,446,2381.621877
800.0,506,2387.373665
800.0,540,2393.864306
750.0,582,2401.069539
825.0,606,2408.310186
550.0,588,2415.080745
750.0,682,2423.1003
800.0,609,2430.034662
575.0,640,2437.248075
550.0,574,2443.979615
775.0,623,2451.616271
4225.0,823,2461.588747
825.0,647,2469.184011
750.0,472,2474.7418
775.0,536,2480.807938
825.0,695,2488.710836
800.0,513,2494.545568
825.0,758,2503.91035
525.0,668,2512.049442
4100.0,782,2521.296939
825.0,464,2526.693179
775.0,642,2534.005586
800.0,486,2539.553693
550.0,623,2546.681204
1275.0,603,2554.253453
775.0,744,2563.342837
525.0,606,2570.374184
775.0,548,2576.809849
800.0,497,2582.548856
575.0,747,2591.031716
925.0,1018,2603.307801
475.0,542,2609.917474
875.0,727,2618.562383
575.0,859,2628.635333
550.0,797,2637.865452
800.0,453,2643.003362
825.0,710,2651.532457
575.0,570,2658.651795
825.0,672,2666.722165
1325.0,1040,2678.997222
450.0,560,2685.47174
825.0,824,2694.840072
4125.0,684,2703.155246
825.0,679,2711.578379
825.0,880,2722.015928
550.0,551,2728.529018
575.0,728,2736.910502
675.0,931,2747.65938
775.0,435,2753.024417
750.0,546,2759.827278
525.0,686,2767.90424
525.0,628,2775.274741
4200.0,799,2784.674493
4175.0,785,2793.657088
3850.0,700,2802.250229
850.0,858,2812.752785
1325.0,905,2823.395509
4125.0,744,2832.136312
825.0,818,2841.493275
575.0,574,2848.436009
800.0,486,2854.478627
800.0,506,2860.595296
450.0,431,2865.609684
775.0,510,2871.409438
525.0,672,2879.348798
775.0,504,2885.076912
575.0,726,2893.791026
800.0,696,2902.423747
825.0,624,2909.889719
775.0,503,2915.683548
825.0,544,2922.174361
825.0,644,2929.726446
550.0,654,2937.481713
500.0,650,2945.648323
850.0,643,2953.305434
825.0,640,2960.845244
825.0,781,2970.018297
550.0,599,2977.074828
825.0,698,2985.65202
800.0,602,2993.208537
800.0,460,2998.550365
500.0,657,3006.351468
3950.0,870,3016.53102
775.0,386,3020.998049
850.0,648,3029.10184
575.0,595,3036.430437
4175.0,890,3046.894628
4700.0,1013,3058.843203
800.0,732,3067.438706
825.0,453,3073.109207
800.0,660,3081.355428
550.0,710,3089.650727
650.0,781,3098.838055
825.0,543,3105.163746
3950.0,742,3114.069382
825.0,597,3121.684382
775.0,486,3127.375616
575.0,695,3135.645787
800.0,521,3141.678694
3975.0,826,3151.324598
3875.0,896,3162.202409
4700.0,906,3173.334404
1050.0,659,3181.035822
825.0,737,3189.783407
4150.0,733,3198.30027
4425.0,733,3207.492375
4125.0,651,3215.512219
525.0,451,3220.74567
4075.0,593,3227.66167
4425.0,778,3236.820683
825.0,579,3243.807643
4050.0,649,3252.034879
4250.0,972,3263.718194
4100.0,772,3272.892699
1075.0,673,3280.810054
4225.0,947,3292.723489
825.0,676,3300.862824
4100.0,839,3310.659892
3925.0,821,3320.500446
4025.0,721,3329.369127
3875.0,782,3339.253488
4200.0,776,3348.311318
825.0,595,3355.307193
575.0,534,3361.493008
575.0,513,3367.613988
575.0,502,3373.970395
575.0,580,3381.039962
825.0,604,3388.148078
4300.0,863,3398.356842
575.0,632,3405.689458
4475.0,834,3416.080622
525.0,764,3425.474463
4725.0,828,3435.108769
4150.0,685,3443.186433
825.0,742,3451.922924
3950.0,642,3460.049119
925.0,999,3472.188439
575.0,708,3480.499953
825.0,869,3490.590556
3950.0,763,3499.938413
4300.0,758,3509.334579
525.0,542,3515.699783
550.0,468,3521.106416
825.0,649,3528.726434
800.0,484,3534.229877
825.0,525,3540.543178
550.0,583,3547.988631
775.0,415,3552.970423
1000.0,697,3561.081008
4050.0,690,3569.277751
4250.0,754,3578.137422
4300.0,676,3586.610401
4150.0,1000,3598.859474
4125.0,967,3610.299543
825.0,600,3617.375229
4150.0,735,3626.629203
3950.0,673,3634.862741
4300.0,749,3643.647415
825.0,596,3650.852836
4225.0,849,3660.965117
3925.0,791,3671.066545
3975.0,1043,3683.368739
475.0,501,3689.36769
4700.0,908,3700.171283
4175.0,655,3708.617647
4700.0,972,3720.134213
4300.0,922,3730.967489
4825.0,825,3741.006236
4225.0,706,3750.002484
4200.0,755,3758.858605
4225.0,754,3767.744597
3950.0,802,3777.208156
4200.0,956,3789.320543
4175.0,785,3798.665657
4500.0,817,3808.337334
4650.0,878,3818.600468
4150.0,849,3829.399013
3925.0,643,3837.152363
3925.0,773,3846.161399
825.0,560,3852.799543
4625.0,1118,3866.554391
3950.0,825,3876.66511
3900.0,622,3883.936938
3950.0,716,3892.496609
825.0,485,3898.176459
4325.0,714,3907.183526
4275.0,855,3917.548247
4350.0,822,3927.1907
4050.0,1004,3939.116737
4775.0,945,3951.284003
800.0,453,3956.552916
4400.0,1018,3968.605435
4250.0,983,3980.460563
4425.0,1288,3996.521434
4000.0,907,4007.29846
4275.0,853,4017.53643
4250.0,757,4027.203627
4025.0,801,4036.774592
4200.0,846,4046.824867
4000.0,1021,4059.401977
3950.0,668,4067.843267
4225.0,1001,4079.619684
5250.0,1015,4091.764391
3875.0,697,4100.649537
4725.0,888,4111.378622
4250.0,953,4122.680522
4075.0,964,4134.278229
4300.0,812,4144.6161
3950.0,846,4154.579041
5275.0,1177,4168.648825
4250.0,830,4179.123016
575.0,513,4185.358109
4350.0,1131,4198.783869
4275.0,1147,4212.743631
4125.0,575,4219.950635
4300.0,1055,4232.589246
4400.0,1082,4245.481959
4050.0,1014,4258.289732
4275.0,774,4267.523568
4300.0,1093,4280.549673
4375.0,1162,4295.017746
4250.0,1063,4307.773552
4225.0,749,4316.709947
4300.0,924,4327.957567
4250.0,830,4338.313437
4625.0,799,4347.750468
4275.0,859,4357.942119
4350.0,915,4369.245884
800.0,444,4374.866519
4800.0,1033,4387.005564
4275.0,1040,4399.377393
4050.0,943,4411.355137
4275.0,714,4419.909608
4275.0,812,4429.395039
4325.0,892,4439.963191
4025.0,1046,4453.21761
4300.0,818,4462.88568
4875.0,959,4474.321731
4750.0,1018,4486.830215
800.0,450,4492.540001
425.0,510,4498.632498
4400.0,1051,4511.193209
4300.0,992,4523.259201
4350.0,1086,4536.854151
4300.0,1069,4549.586278
4325.0,1106,4563.086608
4275.0,1093,4576.668694
4275.0,996,4588.491885
375.0,342,4592.40334
4400.0,936,4604.00402
4325.0,935,4615.485695
4250.0,1248,4630.29601
4800.0,1077,4643.567205
4025.0,868,4654.287671
4875.0,859,4664.302233
4325.0,881,4674.909094
4450.0,1024,4687.814208
4400.0,1048,4700.218354
4750.0,938,4711.472687
4850.0,1100,4725.394872
4000.0,709,4733.843765
4300.0,1130,4747.282547
4900.0,1145,4761.583841
4450.0,1033,4774.078128
4000.0,833,4783.967689
4325.0,869,4794.365433
750.0,459,4800.253979
4500.0,860,4810.869055
4275.0,741,4819.500073
4400.0,991,4831.36678
4475.0,880,4842.736034
4450.0,1097,4855.741802
4525.0,1024,4867.949283
825.0,535,4874.689482
450.0,548,4881.690763
4275.0,751,4890.560663
4450.0,834,4900.424628
525.0,566,4907.029108
4550.0,984,4919.488851
4450.0,1049,4932.001273
4425.0,1012,4944.026819
4425.0,1069,4957.350949
4475.0,919,4968.451484
7575.0,959,4979.78748
4450.0,1169,4994.270937
4450.0,866,5004.856898
4800.0,832,5014.622539
7650.0,953,5026.317836
4550.0,895,5037.77596
4250.0,680,5045.703414
4550.0,1033,5057.942905
4400.0,1018,5070.697848
4450.0,1111,5084.17116
550.0,709,5092.42936
4375.0,939,5103.815948
4450.0,800,5114.070218
4475.0,1317,5129.671827
7700.0,856,5140.045302
7675.0,1201,5155.254856
7700.0,999,5166.955433
7950.0,786,5176.625586
4400.0,776,5186.699591
7875.0,961,5198.084419
800.0,551,5204.49608
7575.0,697,5213.259948
4550.0,885,5224.672713
8125.0,1121,5237.901325
4450.0,1115,5251.737032
11550.0,1182,5266.538846
7800.0,988,5278.276194
8200.0,927,5289.92705
4450.0,832,5300.278656
8025.0,1101,5313.365886
7575.0,916,5324.734585
4375.0,773,5334.566971
8025.0,1197,5348.581908
7750.0,856,5359.178293
7925.0,1274,5375.301551
4450.0,1028,5387.330205
7925.0,993,5399.716545
4125.0,732,5409.085983
4450.0,742,5417.703544
4450.0,724,5426.385381
7800.0,900,5437.473609
8025.0,1090,5451.051985
7850.0,939,5462.213089
4125.0,1066,5475.594177
8025.0,1267,5491.124865
575.0,541,5497.43441
7900.0,968,5509.175987
4550.0,1305,5525.605646
7950.0,1058,5538.129019
7850.0,1036,5551.07153
7950.0,920,5562.533339
7575.0,743,5571.261009
8150.0,1089,5584.328109
7925.0,877,5595.597059
7925.0,797,5605.085997
7850.0,1149,5618.662916
8025.0,981,5631.041501
4425.0,872,5641.625954
4450.0,1036,5653.920257
4450.0,681,5662.111879
7975.0,1058,5675.582332
7925.0,926,5686.476938
8000.0,900,5697.176605
8025.0,985,5709.517688
11675.0,1246,5724.652134
4450.0,1266,5739.868269
7775.0,747,5749.252267
7675.0,1105,5762.707342
7575.0,873,5773.051592
7950.0,857,5783.44125
12250.0,1577,5802.955086
11650.0,1203,5817.317638
8550.0,1031,5830.516771
8025.0,992,5842.310031
7825.0,1053,5854.983066
11425.0,1131,5869.465857
8025.0,940,5880.554808
7700.0,924,5891.672914
7575.0,763,5901.18942
7925.0,914,5912.44949
7775.0,945,5923.566512
8075.0,927,5935.058994
8000.0,881,5946.285639
4450.0,1101,5959.304362
4800.0,932,5970.655431
7575.0,743,5980.149727
11200.0,952,5991.615182
11325.0,1108,6004.81197
8050.0,883,6016.036167
275.0,336,6020.267636
8050.0,915,6030.967662
15500.0,1607,6050.784951
7950.0,919,6062.306373
11300.0,993,6073.935632
8100.0,1221,6089.151426
7850.0,960,6101.108817
11525.0,1237,6115.821645
11200.0,1096,6129.591395
8075.0,1100,6142.958756
11350.0,1108,6156.257509
8075.0,1121,6170.536196
11475.0,1169,6184.442494
11325.0,1052,6197.158082
7925.0,804,6207.430828
8075.0,1069,6220.258562
11850.0,1067,6233.00271
7700.0,892,6244.353018
11400.0,1402,6261.280424
11200.0,1070,6274.270567
11200.0,962,6286.687107
11375.0,1093,6299.598068
7925.0,802,6309.30554
8175.0,1063,6323.027003
11375.0,1039,6335.217132
7925.0,812,6345.022587
7925.0,827,6355.465727
7925.0,872,6366.178991
11375.0,1122,6379.669046
11450.0,1014,6392.335436
11200.0,936,6403.857433
8075.0,989,6415.483853
8050.0,991,6427.756009
8575.0,1141,6441.980819
11425.0,1380,6458.509548
7925.0,808,6468.632389
11400.0,1153,6482.789575
11200.0,935,6493.861724
11200.0,1157,6508.408437
11350.0,1158,6522.519931
7875.0,1364,6538.972567
8000.0,855,6550.065212
7875.0,913,6560.870237
11475.0,1179,6575.091914
11325.0,1107,6589.233581
7750.0,747,6598.005901
8050.0,954,6609.415432
7875.0,827,6619.773109
8275.0,1153,6633.819838
11425.0,1108,6646.997892
11350.0,1135,6661.520299
11575.0,1493,6679.171484
11425.0,1182,6694.009631
7925.0,802,6704.009978
7925.0,808,6713.49615
7750.0,738,6722.389983
11950.0,1470,6740.933993
11425.0,1290,6756.231217
11325.0,1059,6769.447727
8175.0,1015,6781.998697
7950.0,843,6791.817318
15075.0,1483,6810.590667
12050.0,1376,6826.920409
7925.0,801,6836.583951
7925.0,860,6847.693877
11200.0,964,6859.239835
11375.0,1400,6876.112966
11325.0,1099,6890.096797
11200.0,945,6901.245202
11425.0,1078,6914.35576
11800.0,1271,6930.320902
11375.0,1112,6943.604187
11475.0,1087,6957.097874
11200.0,1095,6970.567961
11550.0,1072,6983.302822
11475.0,1084,6996.895226
11500.0,1274,7012.231678
11450.0,1058,7024.981397
11650.0,1292,7041.305833
11700.0,1303,7056.697497
11400.0,984,7069.028029
11500.0,1067,7082.167665
7575.0,767,7091.162339
11650.0,1132,7105.215937
11475.0,1116,7119.083747
7925.0,881,7129.378847
11725.0,1257,7145.20113
11475.0,1293,7160.927196
11475.0,1096,7174.100102
8125.0,1004,7186.96111
11475.0,1062,7199.608423
11625.0,1242,7214.724822
8175.0,1182,7229.627015
8075.0,1075,7242.384353
12125.0,1361,7259.520778
11550.0,1170,7273.664995
11525.0,1034,7286.102138
11650.0,1072,7299.94443
11525.0,1092,7312.807241
15350.0,1487,7331.454777
11625.0,1307,7347.381761
11675.0,1160,7361.410013
11625.0,1070,7375.081581
11650.0,1257,7389.94916
11575.0,1117,7404.0449
8075.0,1262,7419.421684
11375.0,1059,7432.22866
11625.0,1182,7447.328444
11650.0,1167,7461.11557
11375.0,999,7473.435729
11375.0,986,7485.940572
11675.0,1347,7501.814742
11950.0,1439,7520.24229
11675.0,1437,7537.272767
11600.0,1341,7554.154042
11875.0,1403,7571.198311
8050.0,1127,7584.851027
825.0,1001,7597.625991
15000.0,1432,7614.445781
14925.0,1303,7631.021541
15125.0,1719,7651.445061
11575.0,1348,7668.594681
525.0,658,7676.433613
15475.0,1501,7694.366625
12100.0,1184,7709.558729
12500.0,1326,7725.101759
15775.0,1658,7746.210044
14950.0,1478,7763.569523
11275.0,1062,7776.947588
12200.0,1384,7793.890392
11925.0,1172,7808.000348
14975.0,1459,7826.446251
15375.0,1546,7844.984277
11375.0,1090,7858.981065
15350.0,1594,7877.999138
11700.0,1398,7895.788837
15325.0,1642,7915.169474
11700.0,1372,7932.808514
12225.0,1222,7947.045877
11725.0,1321,7963.727035
15600.0,1612,7983.141259
11725.0,1372,8000.235337
11775.0,1287,8015.796723
14925.0,1430,8033.278118
12000.0,1208,8048.511973
15025.0,1552,8067.174754
15900.0,1590,8087.1471
15625.0,1578,8106.288387
15000.0,1620,8126.386086
15500.0,1631,8146.126361
15275.0,1727,8167.291805
14950.0,1361,8183.802817
15025.0,1486,8202.218511
15475.0,1665,8222.37288
15075.0,1439,8240.203722
14950.0,1257,8255.375683
15050.0,1406,8273.067994
16450.0,1763,8294.27692
11750.0,1148,8308.843176
14975.0,1463,8326.254144
15100.0,1541,8345.83326
15150.0,1578,8364.733446
12050.0,1359,8381.996685
12025.0,1265,8396.775353
7850.0,735,8405.92604
14950.0,1378,8423.180811
11825.0,1336,8439.175897
14950.0,1349,8456.327018
12200.0,1372,8472.393286
14975.0,1287,8488.87065
15125.0,1640,8508.296752
12025.0,1312,8524.881479
12025.0,1419,8541.943614
11550.0,1022,8554.311847
14925.0,1315,8570.758153
14950.0,1353,8586.947497
8575.0,984,8599.297231
15550.0,1601,8618.702808
15325.0,1468,8636.969795
12575.0,1330,8653.138652
12050.0,1359,8669.62684
15075.0,1369,8686.78457
15050.0,1535,8705.246058
11650.0,1213,8720.611324
14950.0,1405,8737.287937
12025.0,1304,8753.866911
12200.0,1683,8774.101483
11725.0,1308,8790.787014
7575.0,765,8799.94273
12025.0,1494,8817.965311
15275.0,1446,8836.131142
15400.0,1438,8853.284195
4000.0,562,8860.172131
15100.0,1546,8879.106084
14875.0,1257,8894.278733
15300.0,1413,8912.081417
15300.0,1380,8928.543133
15275.0,1347,8945.566421
14975.0,1423,8962.15485
15075.0,1519,8981.360859
11525.0,1044,8993.712558
15475.0,2152,9020.651695
175.0,366,9024.838082
15100.0,1610,9044.05246
14925.0,1263,9060.241373
15075.0,1580,9078.977284
15175.0,1701,9100.467996
14975.0,1552,9119.019293
11725.0,1290,9135.404968
15075.0,1513,9153.32317
15725.0,1775,9175.615469
15100.0,1721,9196.246185
15275.0,1674,9217.08765
15400.0,1539,9235.582195
15175.0,1558,9254.998168
15275.0,1339,9271.21978
15725.0,2025,9296.242032
15025.0,1390,9313.31118
11625.0,1003,9325.811517
15025.0,1313,9341.223361
15050.0,1353,9358.482363
15075.0,1515,9376.557675
15175.0,1581,9396.495374
8075.0,1287,9411.717505
15600.0,1622,9432.03931
15000.0,1540,9450.527512
15000.0,1346,9467.422028
15000.0,1434,9484.764567
15100.0,1519,9503.477319
15425.0,1698,9523.993515
15175.0,1855,9547.293246
14975.0,1430,9564.242485
8025.0,1173,9578.724018
15575.0,1773,9600.332439
15275.0,1679,9621.189994
11650.0,1056,9633.855848
15325.0,1932,9657.700184
15350.0,2063,9682.459392
11725.0,1282,9698.793414
15825.0,1951,9722.167928
15150.0,1611,9742.511258
15225.0,1596,9761.470613
14900.0,1195,9776.695112
15175.0,1546,9794.988608
15050.0,1341,9811.998827
15175.0,1600,9831.202633
12275.0,1328,9847.856702
15325.0,1974,9871.549471
15000.0,1382,9889.167129
18775.0,2303,9916.917454
15375.0,1730,9938.410784
11800.0,1125,9951.963624
15625.0,1818,9974.495228
14900.0,1295,9990.028189
15200.0,1840,10012.903438
15150.0,1771,10034.601929
18875.0,2287,10062.389739
15300.0,1916,10086.412967
18800.0,2306,10114.68548
15250.0,1660,10134.586537
18900.0,2163,10161.498603
15525.0,1675,10181.629488
15325.0,1717,10202.938504
18575.0,2093,10228.792903
15075.0,1483,10246.60836
15375.0,1693,10268.058211
15325.0,1876,10290.448277
18625.0,2152,10317.186821
11950.0,1120,10330.793969
7750.0,870,10341.894404
8050.0,991,10353.673614
18625.0,2304,10382.435829
19400.0,2340,10411.008045
4450.0,1246,10426.270791
15500.0,1529,10444.78302
15375.0,1519,10463.691834
14850.0,1271,10478.894451
18625.0,2045,10504.125268
18575.0,1957,10528.62389
15300.0,1787,10549.689966
15275.0,2003,10574.889588
12025.0,1339,10590.854772
18975.0,2318,10619.576494
15575.0,1693,10640.854274
15525.0,1591,10659.777263
15150.0,1499,10678.739003
11700.0,1130,10692.192382
425.0,319,10695.892144
15075.0,1518,10714.899159
12050.0,1346,10731.061275
15525.0,1619,10751.175519
15350.0,1501,10769.312145
15575.0,1803,10791.966268
8050.0,1054,10804.449435
15300.0,1782,10826.59423
1325.0,671,10834.803272
15200.0,1698,10855.028032
11675.0,1219,10870.601327
15450.0,1819,10892.411395
15450.0,1538,10911.682451
15575.0,1865,10934.341712
11925.0,1286,10950.300916
15550.0,1659,10970.375555
15075.0,1376,10987.5073
11950.0,1267,11002.593613
15000.0,1317,11019.410365
18900.0,2131,11045.135083
4500.0,769,11055.043873
15175.0,1585,11073.77529
11600.0,1072,11087.437251
15525.0,1504,11105.566648
19475.0,2459,11136.110223
15550.0,1623,11155.883077
15200.0,1518,11174.695589
11675.0,1499,11192.813674
19150.0,2377,11221.891079
15275.0,1587,11242.235636
15100.0,1408,11258.743497
11750.0,1548,11278.416085
15625.0,1940,11301.686999
15525.0,1453,11320.056978
15575.0,1819,11341.672366
15125.0,1392,11359.169523
19075.0,2357,11388.019695
8075.0,889,11398.783513
15250.0,1683,11418.874499
15275.0,1795,11441.038641
11650.0,1262,11456.200938
18875.0,2162,11482.848122
18750.0,1941,11507.094386
15600.0,1766,11527.922962
15000.0,1334,11544.925918
15575.0,1630,11564.130691
16125.0,2241,11592.077928
18925.0,2222,11619.757095
500.0,794,11629.174532
15275.0,1517,11647.404778
7925.0,873,11658.799567
18875.0,2119,11684.110914
15325.0,1650,11704.673287
19050.0,2327,11733.609866
18850.0,1987,11757.228507
19050.0,2240,11784.980459
14950.0,1287,11800.945431
8075.0,1436,11818.552645
7925.0,785,11827.751817
14950.0,1290,11844.34931
15000.0,1351,11860.326511
14800.0,1175,11874.993385
18925.0,2105,11900.653199
18800.0,2035,11926.193994
18975.0,2070,11951.591504
19200.0,2597,11983.176761
15625.0,1881,12006.408286
18775.0,2158,12033.464514
18800.0,1950,12056.81254
18975.0,2411,12086.37205
15100.0,1432,12104.392597
15625.0,1606,12123.545979
15000.0,1348,12140.357411
18950.0,2137,12166.007616
19450.0,2328,12195.020188
18950.0,2009,12220.0381
18875.0,2111,12245.381994
15025.0,1450,12263.699798
19075.0,2376,12293.207541
15625.0,1736,12313.917706
18875.0,2337,12343.046647
15450.0,1490,12361.190597
19075.0,2358,12389.947959
15625.0,1766,12412.281608
15325.0,1535,12430.592379
19125.0,2250,12458.472969
18875.0,2140,12485.317499
19000.0,2236,12512.50771
18875.0,2298,12540.577699
19000.0,2323,12569.407579
18900.0,1822,12592.053835
15025.0,1492,12609.944209
15500.0,1575,12629.756939
15350.0,1722,12650.28477
19200.0,2563,12682.108013
18900.0,2515,12713.363381
15625.0,1789,12734.926582
19550.0,2487,12765.353085
19025.0,1972,12790.114745
18900.0,1897,12813.056146
18950.0,2037,12838.054994
18950.0,2142,12864.789679
18750.0,1833,12886.88028
19050.0,2362,12915.849247
18975.0,2102,12942.006599
18875.0,1893,12964.985703
15525.0,1709,12985.889998
400.0,361,12990.082237
15500.0,1587,13010.238733
18875.0,2062,13034.922534
18975.0,1930,13058.872808
15025.0,1434,13076.290254
19475.0,2589,13108.034818
18850.0,1855,13131.192694
18900.0,1837,13153.803281
15625.0,1845,13176.0994
18950.0,2017,13201.361085
15575.0,1610,13220.5458
18950.0,2147,13247.011616
18925.0,1863,13270.114599
4425.0,1352,13286.383164
19150.0,2054,13312.20203
11775.0,1414,13328.843971
19025.0,2295,13357.49238
15225.0,1612,13377.133873
18475.0,1800,13399.144245
18875.0,2202,13426.718235
15775.0,1639,13446.083305
19475.0,2297,13474.534477
15625.0,1675,13495.415302
15625.0,1851,13517.674012
18975.0,2017,13542.895523
19075.0,2004,13567.187873
18875.0,2079,13592.514049
18950.0,2254,13620.598956
19000.0,2055,13645.734864
625.0,781,13655.525945
15275.0,1594,13674.505995
19050.0,2112,13700.689925
19250.0,2291,13729.209911
15575.0,1801,13750.523312
11875.0,1197,13765.902112
19125.0,2242,13792.751194
19125.0,2011,13817.518094
11475.0,1035,13830.058111
19025.0,2011,13854.867238
18775.0,2138,13881.773241
15625.0,1689,13901.836163
18975.0,2082,13927.750312
8075.0,875,13938.244727
18925.0,2007,13963.337411
19175.0,2138,13990.175747
19100.0,2235,14017.058447
19025.0,2403,14046.468808
15125.0,1452,14065.155862
15150.0,1400,14081.671956
19100.0,2133,14108.419384
18900.0,1803,14130.453588
11775.0,1507,14149.025121
15325.0,1610,14168.851401
18600.0,1892,14191.893002
18950.0,2246,14220.136136
19050.0,2099,14245.945953
18975.0,1910,14269.07649
15625.0,1617,14289.488867
15350.0,1895,14312.152012
19000.0,2185,14339.310171
19100.0,2279,14367.602713
18700.0,1929,14390.639159
15025.0,1330,14407.556123
18925.0,1969,14431.08992
18975.0,2012,14455.835512
15375.0,1486,14474.01862
15600.0,1593,14493.563447
19100.0,2196,14520.763581
15575.0,1591,14539.62273
15625.0,1989,14564.529036
19125.0,2235,14591.499154
19150.0,2256,14618.816951
19350.0,2221,14646.600505
15225.0,1413,14663.669293
18900.0,1813,14686.344212
15175.0,1714,14707.431571
19125.0,2091,14732.621765
19100.0,2149,14759.561138
19750.0,2275,14787.882587
15250.0,1500,14805.569344
19175.0,2063,14831.344998
19100.0,2020,14856.196298
19125.0,2158,14882.242344
14900.0,1344,14899.626477
19025.0,1938,14922.767203
19300.0,2261,14950.723421
18825.0,2266,14978.885992
19125.0,2033,15003.626979
15025.0,1384,15020.711129
15525.0,1447,15038.043671
15625.0,1636,15058.456484
19000.0,2066,15083.815518
19150.0,2242,15110.947839
15300.0,1956,15135.205626
19100.0,2240,15162.314115
15100.0,1525,15180.838706
15625.0,1762,15202.276984
8500.0,899,15213.493801
19050.0,1959,15236.827871
19325.0,2482,15267.163773
18975.0,1989,15292.012999
19175.0,2086,15316.751809
14875.0,1214,15332.243547
19225.0,2232,15358.998794
19175.0,2095,15384.625248
