# {"t_start": 1542661560.5903404, "env_id": "PongNoFrameskip-v0"} 
r,l,t
-18.0,1011,14.414438
-20.0,925,25.033165
-20.0,836,33.366616
-21.0,1027,43.694175
-18.0,1132,56.418944
-21.0,980,66.753236
-20.0,916,75.966426
-20.0,921,85.549574
-21.0,901,95.569343
-20.0,1014,106.741816
-21.0,842,115.233238
-21.0,836,123.86077
-20.0,839,133.115263
-21.0,1008,144.515646
-20.0,1071,155.686514
-21.0,798,163.706427
-20.0,927,173.415849
-21.0,758,182.541579
-21.0,921,193.800223
-20.0,867,203.192402
-20.0,979,213.60078
-21.0,825,224.417383
-21.0,1002,238.09461
-20.0,953,249.014301
-21.0,821,257.979567
-21.0,761,266.603488
-21.0,787,276.169651
-20.0,1166,291.289037
-21.0,937,302.208295
-21.0,840,311.382421
-21.0,759,320.027211
-21.0,759,328.702929
-21.0,761,337.971034
-21.0,758,346.287876
-17.0,1225,360.719346
-21.0,761,369.587813
-21.0,970,381.63507
-21.0,897,391.794793
-19.0,1133,404.924518
-20.0,998,418.469797
-21.0,824,428.273104
-21.0,873,437.201874
-21.0,939,447.191859
-21.0,779,456.497826
-20.0,901,466.85123
-20.0,865,476.18047
-21.0,817,485.174912
-20.0,990,499.55641
-21.0,760,509.889344
-18.0,1207,523.554107
-20.0,891,534.114972
-20.0,837,544.526619
-21.0,865,556.658396
-20.0,862,568.273579
-21.0,820,578.506488
-20.0,895,591.348056
-21.0,908,604.809414
-21.0,970,615.705417
-21.0,950,629.043935
-20.0,1053,645.688026
-19.0,930,658.454188
-21.0,871,670.148219
-21.0,757,681.527308
-21.0,777,693.551912
-21.0,967,707.820954
-20.0,984,723.110932
-20.0,870,737.289703
-21.0,820,749.81558
-20.0,949,764.759747
-20.0,921,779.877079
-19.0,1016,795.699579
-19.0,1036,812.012126
-21.0,840,825.651496
-20.0,948,840.440001
-21.0,851,853.622092
-20.0,958,869.194495
-20.0,1167,887.391245
-20.0,1045,903.753675
-20.0,860,918.024934
-21.0,879,931.555277
-21.0,1146,949.209985
-19.0,1079,966.517062
-21.0,758,978.049099
-20.0,838,990.919917
-20.0,902,1004.911941
-19.0,1052,1021.215686
-20.0,1063,1036.837563
-20.0,897,1050.391649
-20.0,1027,1066.168549
-21.0,942,1080.231989
-21.0,1030,1095.738808
-19.0,1295,1115.702536
-20.0,838,1128.09861
-21.0,788,1140.059507
-19.0,1033,1155.959689
-19.0,1114,1172.788807
-21.0,834,1185.147123
-21.0,876,1198.212832
-21.0,814,1210.913634
-20.0,884,1223.582714
-20.0,914,1237.029885
-20.0,989,1252.479829
-20.0,880,1266.038314
-21.0,1001,1280.73069
-20.0,841,1293.364437
-21.0,905,1307.583995
-21.0,824,1319.92487
-20.0,836,1332.288829
-21.0,929,1346.413558
-20.0,1033,1362.262578
-20.0,983,1376.672071
-21.0,763,1387.765178
-21.0,763,1399.68135
-21.0,819,1412.173549
-21.0,759,1423.314225
-21.0,763,1434.484594
-21.0,762,1446.254357
-20.0,918,1460.431122
-19.0,997,1475.055593
-20.0,840,1487.336472
-20.0,920,1501.870588
-21.0,848,1514.608287
-20.0,902,1527.749372
-20.0,1107,1544.634455
-19.0,1040,1560.497511
-21.0,838,1572.448357
-21.0,787,1583.677849
-21.0,1061,1600.076322
-21.0,759,1611.526725
-21.0,763,1622.240972
-21.0,764,1632.279724
-21.0,862,1643.251472
-20.0,873,1654.552901
-20.0,830,1665.884711
-21.0,928,1680.329061
-21.0,851,1692.923218
-21.0,880,1704.386424
-20.0,1012,1717.552336
-20.0,838,1728.809391
-21.0,853,1739.855958
-21.0,818,1750.695942
-21.0,792,1761.880591
-21.0,975,1776.172941
-21.0,791,1787.432333
-19.0,1170,1804.263386
-21.0,762,1814.944823
-19.0,1052,1828.942046
-20.0,925,1841.433242
-21.0,911,1853.254211
-20.0,865,1864.97843
-20.0,976,1879.608729
-21.0,880,1892.12171
-20.0,1018,1907.53425
-21.0,835,1918.59164
-20.0,854,1929.760588
-20.0,921,1941.903456
-21.0,760,1951.898544
-21.0,932,1963.978162
-19.0,913,1977.157382
-17.0,1179,1993.961685
-21.0,761,2004.922472
-21.0,852,2016.472323
-21.0,848,2027.689088
-21.0,819,2038.515432
-21.0,876,2050.419958
-20.0,1063,2064.526582
-20.0,991,2078.632174
-19.0,1065,2094.399849
-20.0,841,2106.677389
-20.0,871,2118.839353
-20.0,895,2130.730924
-21.0,823,2141.778127
-19.0,1149,2156.980987
-21.0,974,2169.771552
-20.0,968,2183.512009
-20.0,864,2195.970375
-19.0,989,2210.22169
-19.0,1143,2226.079847
-20.0,1084,2240.351505
-21.0,779,2250.871271
-21.0,823,2262.2294
-21.0,1000,2275.91892
-20.0,905,2289.256412
-21.0,810,2300.88349
-20.0,894,2313.924128
-21.0,789,2324.943122
-21.0,817,2336.043449
-21.0,910,2348.596523
-21.0,822,2359.729762
-20.0,891,2371.88958
-21.0,880,2384.878737
-21.0,820,2396.803295
-18.0,1307,2415.6331
-20.0,927,2428.059961
-20.0,926,2440.454074
-21.0,882,2452.145408
-20.0,1133,2469.314406
-19.0,1130,2485.544319
-21.0,819,2496.736671
-20.0,1079,2511.790117
-21.0,790,2523.769732
-21.0,884,2537.171932
-20.0,896,2550.097315
-19.0,1095,2566.511163
-21.0,821,2579.18171
-21.0,809,2591.196943
-20.0,877,2603.426002
-21.0,943,2617.503664
-20.0,855,2630.439329
-21.0,839,2642.591282
-21.0,851,2654.584218
-20.0,916,2668.450888
-19.0,958,2683.361274
-21.0,776,2694.983927
-21.0,761,2706.517354
-20.0,934,2720.717723
-21.0,817,2732.670116
-19.0,1205,2750.997418
-21.0,776,2762.482835
-20.0,866,2775.441293
-20.0,897,2789.092582
-20.0,986,2803.744363
-21.0,1004,2818.63761
-21.0,944,2833.025147
-21.0,883,2846.000196
-21.0,757,2857.447564
-20.0,918,2871.342013
-20.0,837,2883.755174
-20.0,868,2896.667603
-21.0,763,2908.302451
-21.0,903,2921.733701
-20.0,833,2933.920082
-20.0,864,2946.477888
-21.0,758,2957.619412
-20.0,962,2972.101521
-21.0,822,2984.542352
-20.0,941,2997.826774
-19.0,1033,3013.189414
-20.0,1005,3028.398525
-21.0,759,3039.308121
-20.0,1023,3054.562785
-20.0,971,3068.966809
-20.0,888,3082.024045
-21.0,821,3094.479001
-20.0,896,3107.928273
-21.0,780,3119.311799
-21.0,785,3131.109898
-20.0,867,3144.213291
-18.0,1126,3160.882477
-18.0,1252,3179.919652
-21.0,911,3193.263385
-21.0,945,3207.349071
-20.0,897,3220.968954
-20.0,918,3234.415114
-21.0,839,3247.350922
-21.0,906,3261.124285
-19.0,975,3275.279843
-21.0,786,3287.446211
-20.0,1006,3302.430184
-21.0,875,3315.563986
-20.0,908,3329.792496
-20.0,1002,3344.775573
-21.0,878,3357.79769
-20.0,923,3372.294787
-20.0,1119,3389.003238
-20.0,1115,3405.87027
-19.0,1107,3422.375249
-21.0,822,3434.62705
-21.0,882,3447.888049
-19.0,1059,3463.181819
-19.0,1033,3478.282698
-21.0,842,3490.969449
-21.0,776,3502.2304
-21.0,821,3514.293609
-21.0,1182,3531.90178
-21.0,853,3544.097747
-18.0,1126,3560.912
-20.0,835,3573.366765
-20.0,836,3585.785111
-21.0,787,3597.53346
-21.0,1067,3613.19879
-18.0,1052,3628.8677
-20.0,923,3642.954605
-21.0,996,3657.756114
-19.0,1295,3677.508228
-21.0,877,3690.256775
-20.0,896,3703.648561
-21.0,798,3715.105413
-21.0,875,3727.167189
-21.0,854,3739.41039
-21.0,785,3751.553055
-21.0,872,3764.575839
-20.0,949,3779.692601
-19.0,945,3794.29766
-21.0,786,3805.635875
-20.0,965,3820.012522
-21.0,817,3832.08169
-21.0,818,3844.110155
-20.0,956,3858.679001
-21.0,967,3873.229867
-20.0,1001,3888.6085
-19.0,919,3902.653995
-20.0,910,3916.622019
-20.0,854,3929.437742
-21.0,825,3941.617267
-21.0,996,3956.606456
-21.0,859,3969.11375
-21.0,870,3981.965026
-20.0,917,3995.315499
-20.0,864,4007.996245
-19.0,994,4022.655461
-20.0,895,4035.770553
-21.0,956,4049.793005
-21.0,839,4060.324325
-21.0,929,4071.639691
-19.0,934,4083.67415
-21.0,943,4094.976907
-20.0,864,4106.608082
-21.0,851,4119.580346
-20.0,926,4132.254122
-21.0,763,4141.252697
-21.0,925,4153.68724
-19.0,912,4167.33323
-21.0,816,4179.453494
-18.0,1269,4198.153358
-21.0,841,4210.524871
-21.0,911,4223.966675
-21.0,909,4237.205566
-20.0,1051,4252.455039
-20.0,888,4265.333882
-21.0,864,4277.926228
-21.0,885,4290.757084
-21.0,878,4303.537841
-20.0,929,4317.053667
-20.0,917,4330.353542
-21.0,819,4342.251809
-20.0,1057,4357.65917
-20.0,925,4370.992326
-21.0,886,4383.880972
-21.0,993,4398.33426
-21.0,806,4410.245656
-19.0,1198,4427.837831
-21.0,906,4440.781486
-19.0,1012,4455.606049
-20.0,960,4469.713315
-21.0,864,4482.312449
-21.0,790,4493.793348
-20.0,988,4508.078358
-20.0,836,4520.370061
-20.0,918,4533.805325
-19.0,970,4547.826617
-21.0,818,4559.838007
-21.0,757,4570.753814
-21.0,763,4581.810551
-21.0,758,4592.90359
-20.0,858,4605.72407
-21.0,764,4617.078006
-21.0,764,4628.432436
-20.0,885,4641.159974
-21.0,762,4652.00913
-21.0,851,4664.396368
-20.0,856,4676.548928
-20.0,988,4690.778014
-20.0,959,4705.069251
-21.0,992,4719.717633
-21.0,824,4731.71643
-19.0,943,4745.194382
-21.0,824,4757.1441
-21.0,788,4768.715511
-20.0,957,4782.676737
-21.0,807,4794.480387
-20.0,1075,4810.196712
-19.0,943,4823.93278
-20.0,867,4836.409768
-20.0,863,4849.040026
-21.0,868,4861.3797
-19.0,1058,4876.511144
-20.0,1001,4892.862818
-21.0,987,4908.444286
-19.0,1021,4924.09811
-21.0,900,4934.809131
-21.0,823,4944.359556
-20.0,977,4955.855907
-20.0,886,4966.505625
-21.0,914,4977.371704
-21.0,957,4988.669873
-20.0,1037,5000.970115
-20.0,976,5012.55146
-20.0,863,5022.660024
-20.0,1061,5035.00929
-19.0,1171,5049.761292
-20.0,1091,5066.904346
-21.0,792,5078.531909
-19.0,1008,5092.767066
-21.0,909,5105.570446
-20.0,962,5118.947272
-21.0,842,5130.629741
-19.0,1059,5145.338978
-19.0,1181,5161.750894
-20.0,993,5175.047482
-21.0,946,5189.654108
-20.0,864,5203.227106
-20.0,956,5218.093176
-20.0,963,5233.000889
-20.0,1049,5249.477178
-20.0,974,5264.686061
-21.0,805,5277.335468
-20.0,831,5290.489052
-19.0,1101,5307.263623
-21.0,952,5321.674542
-20.0,884,5334.864631
-21.0,971,5349.653384
-21.0,849,5362.778697
-21.0,759,5374.538219
-21.0,1116,5391.318092
-21.0,874,5404.661537
-21.0,792,5416.916924
-21.0,922,5430.637784
-21.0,763,5441.730737
-21.0,902,5455.089657
-21.0,786,5466.962106
-20.0,897,5480.481542
-21.0,928,5493.299267
-21.0,1026,5505.550284
-21.0,819,5514.989934
-21.0,836,5524.399489
-20.0,1051,5536.489261
-19.0,914,5547.017467
-20.0,836,5556.4001
-21.0,818,5565.280636
-21.0,779,5573.834301
-20.0,925,5584.194329
-21.0,822,5593.452029
-20.0,920,5603.767179
-21.0,822,5613.436124
-20.0,835,5623.485684
-18.0,1176,5637.132386
-21.0,797,5647.845657
-21.0,848,5660.25619
-19.0,1211,5678.428851
-21.0,819,5691.045966
-20.0,991,5705.277052
-20.0,953,5718.342041
-21.0,1062,5733.746907
-20.0,976,5747.843793
-21.0,819,5759.51911
-21.0,880,5772.004131
-21.0,758,5782.766943
-20.0,971,5796.26918
-21.0,1121,5812.280608
-20.0,838,5824.083958
-21.0,882,5836.64065
-21.0,954,5850.055997
-20.0,940,5863.371504
-20.0,1064,5878.266737
-21.0,900,5891.172845
-20.0,995,5904.946168
-21.0,883,5917.299305
-21.0,777,5928.159019
-19.0,1011,5942.762521
-21.0,820,5954.584164
-20.0,1020,5969.401617
-21.0,864,5981.82463
-21.0,939,5994.998761
-20.0,896,6007.447921
-20.0,973,6021.480182
-21.0,846,6033.61446
-20.0,926,6047.032433
-21.0,847,6058.931636
-21.0,817,6070.736046
-21.0,820,6081.469029
-21.0,851,6093.054246
-21.0,850,6104.55628
-20.0,1116,6119.840817
-21.0,909,6132.041074
-20.0,983,6145.23776
-19.0,1024,6159.038301
-20.0,1040,6173.134136
-21.0,884,6185.103441
-20.0,1026,6199.718461
-20.0,901,6211.88093
-21.0,967,6224.826919
-21.0,821,6235.935379
-21.0,783,6246.341335
-20.0,1055,6261.187477
-20.0,929,6273.265721
-21.0,822,6284.297029
-21.0,762,6294.819947
-20.0,962,6308.640428
-20.0,925,6321.972924
-20.0,1065,6338.251584
-21.0,817,6349.420284
-20.0,899,6361.494201
-21.0,884,6373.663289
-20.0,926,6386.571615
-19.0,1110,6401.471401
-21.0,905,6413.611631
-21.0,790,6424.241719
-21.0,911,6436.503483
-19.0,1071,6451.186552
-20.0,837,6462.28094
-20.0,1010,6475.91804
-19.0,1017,6489.526787
-20.0,959,6502.363816
-20.0,923,6514.954073
-21.0,819,6526.233482
-20.0,923,6538.735677
-21.0,874,6550.477537
-20.0,982,6565.358676
-20.0,978,6578.981483
-20.0,868,6591.05943
-21.0,880,6603.116743
-19.0,1002,6616.747972
-19.0,948,6629.873429
-21.0,851,6641.535439
-20.0,961,6654.760905
-20.0,900,6667.077504
-21.0,780,6677.677725
-21.0,889,6689.844476
-20.0,1079,6704.529005
-21.0,879,6716.455062
-19.0,980,6729.699897
-21.0,884,6741.770416
-20.0,985,6755.074734
-20.0,914,6768.070333
-21.0,944,6782.660628
-20.0,895,6795.449498
-20.0,955,6808.964828
-21.0,788,6819.841413
-20.0,1064,6834.878489
-21.0,940,6848.295623
-20.0,948,6861.56603
-21.0,927,6874.655923
-21.0,837,6886.149895
-21.0,962,6899.226548
-21.0,1012,6913.281772
-21.0,823,6924.456812
-19.0,1023,6938.611131
-20.0,897,6950.833438
-20.0,990,6964.19505
-19.0,932,6977.068373
-21.0,840,6988.554346
-21.0,854,7000.143733
-21.0,805,7011.098292
-20.0,920,7023.539247
-21.0,788,7034.183956
-21.0,943,7047.101997
-20.0,910,7061.053108
-20.0,921,7075.59916
-21.0,987,7090.093929
-21.0,848,7103.469392
-20.0,833,7116.080131
-21.0,882,7129.417868
-21.0,943,7143.651346
-19.0,983,7157.959684
-20.0,922,7172.349988
-20.0,901,7185.248916
-19.0,1032,7201.857765
-21.0,822,7213.990074
-19.0,984,7228.295368
-21.0,881,7241.046184
-21.0,849,7253.567929
-21.0,961,7268.978329
-20.0,1023,7286.06161
-20.0,1078,7304.11811
-18.0,1166,7323.372432
-19.0,932,7338.780975
-20.0,986,7355.159774
-19.0,1029,7372.139874
-20.0,835,7385.690753
-20.0,958,7401.646852
-17.0,1300,7424.126426
-18.0,1000,7442.075639
-20.0,1082,7461.700652
-19.0,966,7479.585635
-19.0,933,7495.14334
-20.0,838,7507.124394
-19.0,1067,7522.486202
-19.0,1050,7538.91216
-20.0,914,7553.9994
-20.0,916,7569.007603
-21.0,791,7581.942011
-19.0,999,7598.052019
-20.0,867,7612.381839
-21.0,809,7625.589643
-18.0,1238,7645.390923
-21.0,938,7660.744352
-20.0,839,7673.632981
-20.0,911,7688.661428
-21.0,780,7701.504256
-21.0,806,7714.588858
-21.0,838,7726.493939
-21.0,903,7739.129564
-21.0,901,7752.029704
-21.0,820,7763.611534
-19.0,1136,7779.764355
-21.0,852,7791.811464
-21.0,1025,7807.50453
-20.0,1100,7825.214439
-21.0,966,7841.223261
-21.0,953,7856.482334
-19.0,1065,7873.743412
-21.0,853,7887.674935
-21.0,903,7902.661748
-21.0,945,7917.644584
-20.0,1108,7935.241732
-21.0,761,7947.235569
-21.0,958,7962.551308
-20.0,1077,7978.492701
-21.0,790,7988.754302
-20.0,926,8000.879181
-18.0,1038,8014.28216
-20.0,926,8025.603641
-20.0,974,8037.639884
-20.0,942,8049.26884
-19.0,1021,8061.755817
-21.0,888,8072.757617
-21.0,957,8084.479047
-21.0,823,8094.606881
-20.0,840,8104.823808
-21.0,785,8114.411303
-20.0,903,8125.377841
-19.0,972,8137.44671
-21.0,898,8148.551538
-20.0,1005,8160.840864
-20.0,983,8172.933607
-21.0,912,8184.10342
-20.0,860,8194.54808
-19.0,1202,8209.307409
-21.0,891,8220.367172
-21.0,838,8230.451952
-21.0,925,8241.843341
-20.0,1242,8257.209993
-21.0,880,8267.953926
-18.0,1124,8281.835677
-20.0,923,8293.21706
-20.0,975,8305.59434
-19.0,1001,8317.901767
-20.0,904,8328.601624
-20.0,925,8339.584667
-21.0,815,8349.392013
-19.0,957,8360.816026
-21.0,865,8371.164085
-20.0,898,8381.856502
-21.0,857,8392.02378
-21.0,935,8403.297051
-18.0,1162,8416.936881
-20.0,1015,8429.385738
-19.0,1144,8443.053112
-20.0,839,8453.054713
-21.0,762,8462.160842
-20.0,920,8473.158291
-19.0,1003,8485.097275
-20.0,983,8496.844139
-18.0,1073,8509.544173
-20.0,865,8519.816406
-21.0,806,8529.523911
-21.0,970,8540.947787
-21.0,900,8551.730909
-21.0,940,8563.062107
-21.0,822,8572.826098
-21.0,879,8583.391487
-21.0,863,8593.64668
-21.0,904,8604.356981
-21.0,841,8614.372921
-21.0,934,8625.419066
-21.0,816,8635.224367
-21.0,819,8644.91592
-20.0,990,8656.684696
-20.0,904,8667.50247
-20.0,982,8679.228236
-19.0,996,8691.037608
-20.0,839,8701.179839
-19.0,976,8712.895117
-21.0,818,8722.612822
-21.0,945,8733.971214
-17.0,1223,8748.449154
-21.0,826,8758.31194
-20.0,915,8769.305458
-21.0,902,8780.071661
-19.0,926,8791.153197
-20.0,1228,8805.72146
-20.0,895,8816.391417
-20.0,900,8827.121303
-21.0,998,8838.951234
-21.0,970,8850.568588
-21.0,840,8860.596482
-21.0,938,8871.698672
-20.0,1020,8883.978332
-21.0,973,8895.539653
-20.0,1091,8908.475252
-20.0,837,8918.484035
-20.0,1045,8930.843787
-21.0,942,8942.107519
-21.0,777,8951.469904
-21.0,758,8960.605629
-21.0,879,8971.001856
-20.0,840,8980.988358
-19.0,1063,8993.790726
-21.0,972,9005.349703
-20.0,911,9016.376893
-21.0,757,9025.425697
-19.0,1065,9038.302406
-21.0,974,9049.793405
-20.0,932,9061.065649
-21.0,844,9071.150028
-21.0,848,9081.299799
-19.0,1036,9093.715802
-21.0,887,9104.230821
-21.0,824,9113.98021
-21.0,820,9123.788022
-20.0,952,9135.034196
-21.0,929,9146.218069
-21.0,814,9155.815763
-20.0,900,9166.485118
-19.0,993,9178.393806
-21.0,840,9188.54649
-21.0,849,9198.580464
-21.0,821,9208.507403
-21.0,825,9218.309613
-21.0,1018,9230.374476
-20.0,1181,9244.39406
-19.0,1040,9256.739223
-21.0,945,9268.128866
-20.0,901,9278.953051
-21.0,897,9289.610404
-20.0,988,9301.326343
-21.0,1022,9313.580301
-21.0,910,9324.396031
-20.0,977,9336.019793
-20.0,896,9346.713497
-21.0,788,9356.171561
-21.0,796,9365.692297
-21.0,898,9376.441759
-20.0,901,9387.234632
-20.0,983,9399.02935
-18.0,1121,9412.341548
-21.0,970,9423.934559
-21.0,929,9434.899904
-19.0,1004,9446.834051
-21.0,822,9456.517806
-20.0,1073,9469.261092
-21.0,881,9479.873689
-21.0,971,9491.400463
-21.0,808,9501.08729
-20.0,1113,9514.399228
-20.0,832,9524.397569
-21.0,976,9535.902166
-20.0,843,9546.049603
-19.0,933,9557.105665
-20.0,1071,9570.046059
-19.0,1058,9582.571383
-21.0,1142,9596.25462
-19.0,1005,9608.280974
-21.0,910,9619.172197
-18.0,1166,9633.153801
-21.0,762,9642.057662
-21.0,809,9651.723926
-20.0,894,9662.375839
-21.0,763,9671.433912
-19.0,1003,9683.43579
-20.0,1003,9695.323142
-21.0,762,9704.355681
-21.0,845,9714.44102
-19.0,968,9725.942013
-20.0,980,9737.49232
-20.0,962,9749.127647
-21.0,893,9759.687444
-20.0,836,9769.495802
-21.0,909,9780.440261
-18.0,1118,9793.700621
-21.0,762,9802.720918
-20.0,898,9813.535327
-21.0,913,9824.309144
-20.0,945,9835.579273
-20.0,1129,9849.150031
-20.0,1038,9861.508838
-21.0,1090,9874.474893
-20.0,870,9884.724818
-20.0,887,9895.300105
-21.0,941,9906.557997
-20.0,1001,9918.474162
-19.0,1051,9930.991661
-19.0,1025,9943.15847
-20.0,941,9954.425204
-21.0,928,9965.530042
-20.0,986,9977.261345
-20.0,942,9988.632974
-20.0,929,9999.620212
-21.0,867,10009.807497
-21.0,850,10020.092155
-20.0,904,10030.825499
-20.0,874,10041.141535
-20.0,841,10051.193345
-20.0,865,10061.411521
-21.0,928,10072.607782
-19.0,987,10084.435469
-17.0,1158,10098.151596
-20.0,928,10109.2593
-21.0,805,10118.77125
-21.0,819,10128.537888
-21.0,942,10139.760711
-21.0,848,10149.837607
-20.0,885,10160.299944
-20.0,1036,10172.639512
-21.0,760,10181.701375
-19.0,956,10193.077339
-21.0,906,10203.954787
-21.0,822,10213.64049
-20.0,1022,10225.801838
-20.0,836,10235.793078
-20.0,868,10246.133748
-20.0,960,10257.47486
-20.0,1006,10269.403145
-21.0,1012,10281.338153
-20.0,883,10291.837843
-20.0,928,10302.895472
-20.0,892,10313.545294
-20.0,842,10323.420606
-19.0,1068,10336.260825
-21.0,869,10346.494332
-20.0,930,10357.466262
-21.0,1022,10369.684815
-21.0,878,10380.213227
-21.0,908,10391.054201
-21.0,941,10402.219923
-21.0,864,10412.43055
-20.0,896,10423.062942
-20.0,1021,10435.316248
-21.0,847,10445.462283
-19.0,1061,10457.978888
-20.0,864,10468.29396
-20.0,988,10480.034988
-19.0,1060,10492.623657
-21.0,884,10503.076269
-21.0,908,10513.964449
-20.0,930,10525.061599
-20.0,912,10535.830585
-21.0,938,10547.040328
-21.0,841,10556.923702
-21.0,883,10567.428898
-20.0,1015,10579.546746
-21.0,758,10588.536254
-21.0,882,10598.986873
-21.0,786,10608.377685
-20.0,903,10619.318376
-21.0,883,10629.729141
-20.0,895,10640.288573
-20.0,971,10651.802618
-19.0,1003,10663.797925
-21.0,897,10674.529679
-21.0,849,10684.550179
-20.0,925,10695.530236
-19.0,1066,10708.132472
-20.0,964,10719.644311
-21.0,968,10731.162193
-20.0,946,10742.429234
-20.0,914,10753.24308
-21.0,789,10762.682713
-21.0,941,10773.89128
-19.0,943,10785.105756
-20.0,930,10796.184858
-21.0,998,10807.985452
-21.0,903,10818.834685
-21.0,780,10828.011315
-21.0,777,10837.321553
-21.0,847,10847.452317
-20.0,1062,10860.018067
-19.0,990,10871.794695
-20.0,964,10883.192324
-21.0,936,10894.311511
-20.0,835,10904.374439
-18.0,1209,10918.689489
-21.0,824,10928.461288
-21.0,781,10937.800306
-20.0,941,10949.00352
-21.0,869,10959.360943
-21.0,1059,10972.064174
-20.0,1097,10985.183389
-21.0,936,10996.344901
-20.0,961,11007.680315
-19.0,1119,11021.087433
-20.0,1001,11032.990961
-21.0,809,11042.595422
-21.0,889,11053.69997
-20.0,975,11065.460239
-21.0,846,11075.507267
-21.0,882,11085.968346
-19.0,1126,11099.453119
-21.0,901,11110.158459
-19.0,1133,11123.749036
-20.0,1041,11136.070907
-19.0,1043,11148.438728
-20.0,1079,11161.393676
-20.0,902,11172.13574
-20.0,922,11183.02192
-21.0,907,11193.869906
-20.0,896,11204.635963
-20.0,854,11214.725604
-20.0,1069,11227.466578
-21.0,939,11238.519282
-20.0,909,11249.302449
-21.0,910,11260.115792
-19.0,1062,11272.772386
-21.0,1095,11285.883846
-20.0,948,11297.01435
-20.0,1014,11309.122409
-20.0,895,11319.724365
-18.0,1183,11333.733745
-21.0,870,11344.077119
-20.0,950,11355.447771
-21.0,879,11365.873238
-19.0,1143,11379.475236
-21.0,928,11390.435412
-20.0,864,11400.734869
-21.0,1017,11412.795738
-20.0,994,11424.758171
-21.0,883,11435.185792
-17.0,1315,11450.921996
-20.0,1118,11464.068553
-20.0,958,11475.564715
-21.0,787,11484.891833
-21.0,933,11495.928492
-21.0,944,11507.116346
-21.0,849,11517.175917
-21.0,847,11527.372322
-20.0,949,11538.620339
-21.0,842,11548.571259
-21.0,943,11559.904093
-20.0,901,11570.745012
-21.0,1084,11583.59755
-21.0,786,11593.018035
-20.0,1067,11605.824375
-20.0,1030,11618.024728
-19.0,972,11629.629939
-21.0,837,11639.531116
-20.0,902,11650.335768
-20.0,1003,11662.253851
-21.0,911,11673.159681
-19.0,1109,11686.294317
-21.0,877,11696.73331
-20.0,1011,11708.747775
-19.0,971,11720.470978
-19.0,1166,11734.358628
-21.0,947,11745.67376
-21.0,874,11756.058804
-21.0,879,11766.505276
-20.0,841,11776.612217
-19.0,925,11787.596734
-21.0,880,11798.193207
-21.0,778,11807.357434
-21.0,974,11818.870417
-21.0,1005,11830.971294
-20.0,974,11842.540532
-21.0,808,11852.230821
-20.0,919,11863.183836
-21.0,1020,11875.322558
-19.0,1133,11888.700249
-19.0,953,11900.136539
-19.0,1034,11912.313533
-20.0,887,11922.920602
-20.0,916,11933.712108
-21.0,847,11943.900819
-19.0,1109,11957.115391
-21.0,1064,11969.871282
-20.0,937,11981.090745
-21.0,882,11991.495819
-21.0,819,12001.252009
-21.0,804,12010.867316
-21.0,791,12020.262486
-20.0,840,12030.185087
-20.0,841,12040.263254
-20.0,977,12051.85805
-21.0,847,12062.029654
-20.0,1027,12074.208125
-21.0,914,12085.031218
-20.0,1020,12097.14856
-19.0,1195,12111.392951
-19.0,1050,12123.764015
-21.0,1083,12136.634004
-19.0,1050,12149.281707
-21.0,911,12160.231158
-20.0,945,12171.39895
-20.0,896,12182.130901
-21.0,1153,12195.76438
-21.0,870,12206.07603
-20.0,1017,12218.128538
-21.0,850,12228.168272
-19.0,1032,12240.430616
-20.0,836,12250.488206
-20.0,1018,12262.571992
-19.0,1063,12275.27339
-20.0,863,12285.627166
-21.0,790,12294.966105
-19.0,1078,12307.878042
-21.0,818,12317.625941
-19.0,1253,12332.466693
-19.0,1127,12346.004323
-21.0,884,12356.502731
-18.0,1214,12370.885762
-21.0,1097,12383.929925
-20.0,885,12394.541914
-20.0,927,12405.681446
-20.0,1106,12418.753063
-20.0,917,12429.742802
-21.0,779,12438.920733
-19.0,1089,12452.066434
-21.0,879,12462.534209
-21.0,941,12473.624964
-21.0,788,12483.182984
-20.0,857,12493.31829
-21.0,972,12504.861805
-20.0,1005,12516.829794
-20.0,996,12528.736567
-20.0,969,12540.326321
-20.0,841,12550.323536
-20.0,1029,12562.578951
-20.0,898,12573.299528
-20.0,1018,12585.482261
-20.0,895,12596.09413
-21.0,848,12606.313111
-20.0,884,12616.748128
-21.0,885,12627.274693
-19.0,1011,12639.339028
-20.0,1157,12653.325863
-21.0,883,12664.04285
-21.0,850,12674.239544
-21.0,822,12684.095208
-21.0,1030,12696.524677
-20.0,945,12708.000656
-20.0,895,12718.863478
-20.0,984,12730.808085
-18.0,991,12743.133511
-18.0,1112,12756.650057
-21.0,988,12769.777403
-19.0,1052,12782.30094
-21.0,764,12791.470398
-20.0,1050,12804.000894
-19.0,1152,12817.683661
-21.0,821,12827.426444
-21.0,905,12838.262314
-20.0,896,12848.963217
-20.0,987,12860.592976
-20.0,930,12871.550484
-19.0,933,12882.745456
-18.0,1341,12898.728809
-20.0,908,12909.68468
-20.0,935,12920.735371
-21.0,880,12931.261749
-21.0,909,12942.041205
-20.0,983,12953.657035
-21.0,823,12963.464699
-19.0,1125,12976.808084
-21.0,865,12987.151855
-19.0,979,12998.723902
-19.0,1020,13010.953351
-20.0,884,13021.534852
-19.0,1159,13035.294085
-20.0,981,13046.945105
-21.0,837,13056.983338
-19.0,972,13068.451618
-21.0,939,13079.737974
-20.0,1016,13091.821203
-21.0,1052,13104.421737
-20.0,925,13115.610542
-21.0,892,13126.048819
-20.0,874,13136.448212
-20.0,1020,13148.74752
-21.0,881,13159.194247
-21.0,929,13170.29274
-21.0,850,13180.395337
-21.0,819,13190.011502
-20.0,1143,13203.620514
-20.0,901,13214.328955
-21.0,1114,13227.733908
-21.0,994,13239.541187
-21.0,913,13250.497055
-21.0,819,13260.290377
-21.0,942,13271.420329
-20.0,1054,13283.812789
-20.0,1042,13296.237572
-20.0,1039,13308.532589
-20.0,900,13319.324819
-20.0,895,13329.970921
-20.0,839,13339.952485
-20.0,961,13351.457028
-19.0,964,13362.864452
-21.0,881,13373.427457
-20.0,988,13385.221044
-21.0,863,13395.30948
-19.0,1067,13408.146816
-21.0,880,13418.50966
-21.0,989,13430.378782
-21.0,969,13441.898229
-21.0,762,13451.02683
-21.0,847,13461.111879
-21.0,913,13472.127759
-21.0,978,13483.742532
-20.0,921,13494.779395
-18.0,1096,13507.821463
-20.0,1002,13519.705935
-21.0,825,13529.73442
-20.0,1082,13542.663469
-20.0,950,13554.003765
-19.0,1023,13566.312124
-19.0,1071,13578.915529
-21.0,925,13589.944643
-21.0,760,13599.01993
-21.0,882,13609.554634
-20.0,931,13620.909684
-21.0,944,13632.150357
-21.0,810,13641.761089
-20.0,1015,13653.83045
-21.0,906,13664.649288
-20.0,969,13676.27876
-19.0,1021,13688.387943
-21.0,851,13698.60593
-20.0,926,13709.664862
-21.0,817,13719.305101
-19.0,1046,13731.798467
-19.0,970,13743.289183
-20.0,925,13754.247387
-20.0,900,13765.047856
-21.0,959,13776.458357
-21.0,763,13785.671113
-21.0,939,13796.916649
-21.0,788,13806.327488
-21.0,1115,13819.540741
-21.0,780,13828.887652
-21.0,807,13838.457208
-21.0,873,13849.049274
-20.0,837,13858.95151
-21.0,818,13868.64502
-20.0,1089,13881.650454
-21.0,790,13891.056394
-20.0,1067,13903.619971
-20.0,1045,13916.129153
-21.0,782,13925.401326
-19.0,1213,13939.843302
-21.0,883,13950.391435
-20.0,885,13960.864911
-20.0,896,13971.577892
-21.0,846,13981.718766
-21.0,905,13992.454144
-21.0,763,14001.491462
-20.0,904,14012.422057
-20.0,926,14023.477244
-19.0,1101,14036.609947
-20.0,985,14048.250531
-21.0,807,14057.857729
-20.0,894,14068.543037
-19.0,993,14080.37779
-19.0,1170,14094.375565
-21.0,838,14104.306868
-19.0,1023,14116.604091
-19.0,948,14127.908273
-20.0,858,14138.07831
-19.0,1099,14151.172652
-21.0,821,14160.991693
-21.0,789,14170.29097
-21.0,884,14180.941873
-21.0,876,14191.249005
-21.0,810,14200.89119
-20.0,927,14211.950397
-20.0,980,14223.528536
-20.0,1064,14236.281651
-17.0,1163,14249.98406
-20.0,959,14261.462493
-21.0,864,14271.777202
-20.0,928,14282.78137
-21.0,813,14292.484111
-20.0,1036,14304.859638
-20.0,919,14315.68801
-20.0,1061,14328.348614
-21.0,1027,14340.706961
-20.0,946,14351.941937
-19.0,919,14362.938853
-18.0,1132,14376.327858
-21.0,929,14387.995013
-19.0,1203,14402.282353
-19.0,1205,14416.579673
-21.0,788,14425.9299
-20.0,840,14435.806186
-20.0,835,14445.824641
-21.0,880,14456.341266
-20.0,970,14467.851343
-19.0,1156,14481.590125
-21.0,806,14491.120163
-21.0,824,14500.931376
-20.0,902,14511.750124
-20.0,916,14522.584256
-21.0,851,14532.59641
-20.0,956,14543.962109
-20.0,959,14555.45667
-21.0,789,14564.936341
-21.0,851,14575.0345
-20.0,899,14585.700263
-21.0,823,14595.462696
-21.0,761,14604.450371
-21.0,763,14613.521604
-21.0,762,14622.610698
-20.0,896,14633.403176
-21.0,898,14644.084005
-21.0,944,14655.379971
-20.0,891,14666.061315
-19.0,979,14677.644612
-21.0,824,14687.442703
-20.0,1078,14700.222874
-21.0,848,14710.27936
-21.0,846,14720.405299
-20.0,835,14730.184313
-21.0,820,14739.956943
-21.0,873,14750.452965
-20.0,877,14760.796483
-21.0,847,14770.950015
-20.0,947,14782.247355
-20.0,959,14793.632758
-19.0,947,14804.826898
-18.0,1163,14818.697407
-20.0,939,14829.877795
-20.0,1006,14841.800637
-20.0,984,14853.501862
-21.0,891,14864.092162
-19.0,950,14875.293668
-21.0,948,14886.589849
-21.0,1120,14899.88546
-21.0,910,14910.77754
-21.0,986,14922.581608
-20.0,1018,14934.692777
-20.0,986,14946.384951
-19.0,992,14958.189923
-19.0,990,14970.001008
-21.0,789,14979.445582
-21.0,837,14989.294611
-19.0,1130,15002.83479
-20.0,1081,15015.587754
-20.0,954,15026.992529
-20.0,840,15037.117548
-20.0,836,15047.047037
-19.0,981,15058.589368
-20.0,988,15070.475481
-20.0,966,15081.994706
-21.0,940,15093.208426
-20.0,1095,15106.208222
-20.0,1021,15118.245726
-21.0,930,15129.416376
-21.0,937,15140.52917
-20.0,833,15150.339202
-21.0,962,15161.901527
-20.0,834,15171.830756
-20.0,916,15182.706234
-20.0,839,15192.635709
-21.0,935,15203.782387
-21.0,865,15214.057786
-19.0,978,15225.68323
-20.0,884,15236.08969
-21.0,822,15245.933446
-20.0,898,15256.688527
-21.0,944,15267.856352
-20.0,940,15279.129135
-21.0,804,15288.606239
-21.0,968,15300.031706
-21.0,787,15309.451876
-21.0,947,15320.664355
-19.0,979,15332.407653
-21.0,821,15342.173721
-21.0,837,15352.119798
-21.0,848,15362.152506
-20.0,954,15373.440562
-21.0,1024,15385.630856
-21.0,883,15396.301567
-20.0,913,15407.225367
-21.0,917,15418.090111
-20.0,895,15428.68526
-21.0,959,15439.996913
-20.0,898,15450.617619
-19.0,1087,15463.645592
-20.0,884,15474.17091
-20.0,1210,15488.608855
-21.0,934,15499.621792
-20.0,959,15511.257309
-21.0,976,15523.015011
-21.0,974,15534.506723
-21.0,968,15546.160085
-20.0,926,15557.204889
-20.0,930,15568.273535
-21.0,851,15578.471311
-21.0,790,15587.887281
-18.0,1024,15600.005564
-21.0,885,15610.528424
-21.0,895,15621.053624
-20.0,839,15630.924947
-20.0,1029,15643.154393
-21.0,788,15652.593962
-20.0,1144,15666.166162
-20.0,1036,15678.467242
-20.0,959,15689.910201
-20.0,1012,15702.036011
-19.0,1146,15715.538514
-20.0,1116,15728.932758
-21.0,845,15738.950146
-21.0,758,15747.99383
-19.0,1096,15760.998807
-20.0,869,15771.280189
-21.0,781,15780.652233
-20.0,927,15791.788871
-21.0,851,15801.813847
-20.0,928,15812.882359
-20.0,870,15823.254649
-21.0,821,15833.057089
-19.0,1089,15846.029976
-21.0,970,15857.636927
-20.0,900,15868.319353
-21.0,757,15877.312961
-21.0,970,15888.821365
-21.0,817,15898.538508
-20.0,988,15910.395878
-21.0,838,15920.265391
-21.0,907,15931.109433
-21.0,850,15941.233526
-21.0,946,15952.481385
-21.0,897,15963.165884
-19.0,1260,15978.257527
-18.0,1112,15991.567988
-20.0,1104,16004.717355
-20.0,1165,16018.852011
-21.0,820,16028.651257
-20.0,948,16039.856254
-21.0,1111,16053.100091
-20.0,837,16063.040116
-20.0,916,16073.95697
-21.0,819,16083.690698
-19.0,950,16094.94361
-20.0,833,16105.007508
-19.0,964,16116.634335
-20.0,1010,16128.505868
-21.0,937,16139.666971
-20.0,916,16150.55954
-21.0,852,16160.623612
-21.0,934,16171.840695
-21.0,971,16183.343327
-21.0,839,16193.592364
-19.0,993,16205.416728
-21.0,821,16215.175277
-21.0,764,16224.377858
-21.0,1056,16236.934317
